DIRECCION,Frecuencia,Porcentaje
BARRIO MAGDALENA,31,1.1
BARRIO EL CENTRO,23,0.82
BARRIO ABAJO,16,0.57
ALDEA SAN GABRIEL PANTZUJ,15,0.53
CANTON SAN JUAN,15,0.53
ALDEA CHILASCÓ,14,0.5
<<FALTANTE>>,12,0.43
"RUTA 4 12-68 ZONA 5, BARRIO SANTA ELENA",11,0.39
ALDEA SAN RAFAEL,11,0.39
CANTÓN LA CRUZ,11,0.39
ALDEA PACHALUM,11,0.39
BARRIO EL CARPINTERO,11,0.39
BARRIO LA CRUZ,11,0.39
BARRIO EL CEMENTERIO,10,0.36
"DIAGONAL 4, 1-24 ZONA 2",9,0.32
ALDEA LLANO GRANDE,9,0.32
ALDEA SAN FRANCISCO,9,0.32
ALDEA TRES CRUCES,9,0.32
ALDEA SALTÁN,9,0.32
ALDEA TRAPICHE DE AGUA,8,0.28
ALDEA SAN GABRIEL PASUJ,8,0.28
ALDEA POTRERO GRANDE,8,0.28
ALDEA SANTA ROSA,8,0.28
BARRIO SAN PABLO,7,0.25
ALDEA LA LAGUNA,7,0.25
"5A. AVENIDA 6-31, BARRIO AGUA CALIENTE, ZONA 1",7,0.25
CASERIO PAMALICHE,7,0.25
ALDEA LA CEIBA,7,0.25
ALDEA XOCOC,7,0.25
GRANADOS,7,0.25
2A. CALLE 12-23 ZONA 4,6,0.21
ALDEA TELEMAN,6,0.21
BARRIO SAN ANTONIO,6,0.21
BARRIO SANTA MARIA,6,0.21
BARRIO AGUA CALIENTE,6,0.21
CASERIO LOS HERNANDEZ,6,0.21
ALDEA LAS MINAS,6,0.21
ALDEA CHIXOLOP,6,0.21
CANTON SANDOVAL,6,0.21
ALDEA EL PROGRESO,6,0.21
ALDEA SANTO DOMINGO SANTA RITA,6,0.21
COLONIA MUNICIPAL LA LADRILLERA,6,0.21
4A. AVENIDA ENTRE 3A. Y 4A. CALLE ZONA 2,6,0.21
1A. CALLE 7-17 ZONA 2,6,0.21
CABECERA MUNICIPAL,6,0.21
CASERIO LOS MANGALES,6,0.21
ALDEA MATANZAS,6,0.21
CASERIO CERRO DE LA CRUZ,6,0.21
CASERIO EL CHORRO,6,0.21
ALDEA MOCOHAN,6,0.21
"1A. CALLE Y 2A. AVENIDA LOTE 204, BARRIO EL CENTRO",5,0.18
BARRIO SANTA ELENA,5,0.18
"0 AVENIDA 1-71 ZONA 5, SAN CRISTOBAL VERAPAZ",5,0.18
"4A. CALLE 09-103, ZONA 1",5,0.18
BARRIO CENTRO,5,0.18
BARRIO SAN NICOLAS,5,0.18
BARRIO HACIENDA DE LA VIRGEN,5,0.18
9A. AVENIDA 6-67 ZONA 1,5,0.18
ALDEA SANTA INES CHIVAC,5,0.18
1A. CALLE 1-105 ZONA 3,5,0.18
ALDEA LOS PAXTES,5,0.18
"CASERIO PACANI, ALDEA DOLORES",5,0.18
ALDEA DOLORES,5,0.18
CANTON LA CRUZ,5,0.18
ALDEA SANTA ANA PICHEC,5,0.18
ALDEA GUACHIPILIN,5,0.18
3A. CALLE 5-41 ZONA 2,5,0.18
ALDEA NIMACABAJ,5,0.18
ALDEA CHITICOY,5,0.18
2DA. CALLE 2-15 ZONA 1,5,0.18
ALDEA LOS PAJALES,5,0.18
ALDEA PATZOCON,5,0.18
ALDEA PACHOJOP,5,0.18
ALDEA AGUA CALIENTE,5,0.18
CASERIO EL COYOLITO,5,0.18
ALDEA OJO DE AGUA,5,0.18
ALDEA EL ASTILLERO,5,0.18
ALDEA SANTA CRUZ,5,0.18
ALDEA LOS JOCOTES,5,0.18
ALDEA SANTA BARBARA,5,0.18
CASERIO CUCHILLA DEL NOGAL,5,0.18
CASERIO BETANIA,5,0.18
CASERIO SUQUINAY II,5,0.18
CASERIO XOMBAL,5,0.18
CASERIO PAMPACAY,5,0.18
ALDEA LA PINADA,5,0.18
7A. CALLE 1-13 ZONA 3,4,0.14
"3A. CALLE 0-43 ZONA 3, BARRIO SAN SEBASTIÁN",4,0.14
"2A. CALLE, 2A. AVENIDA ZONA 3, BARRIO SAN SEBASTIAN",4,0.14
"4ª. AVENIDA, ENTRE O Y 1 CALLE ZONA 4, BARRIO SAN FELIPE",4,0.14
BARRIO SAN JUAN,4,0.14
"6A. CALLE 1-78 ZONA 4, BARRIO BELLA VISTA, SECTOR II",4,0.14
BARRIO RESURRECCIÓN,4,0.14
ALDEA EL TEMPISQUE,4,0.14
BARRIO LAS PIEDRECITAS,4,0.14
ALDEA NIÑO PERDIDO,4,0.14
ALDEA EL NANCE,4,0.14
ALDEA LAS ANONAS,4,0.14
ALDEA SAN JUAN,4,0.14
ALDEA SAN ANTONIO EL SITIO,4,0.14
ALDEA PAYAQUE,4,0.14
ALDEA SAN JULIAN CHUACUS,4,0.14
ALDEA CHIVAC,4,0.14
RUTA 4 ZONA 5 DEL BARRIO SANTA ELENA,4,0.14
ALDEA LAS CUEVAS,4,0.14
ALDEA UNION BARRIOS,4,0.14
CANTON SAN PEDRO,4,0.14
"CASERIO EL PROGRESO I, ALDEA EL PROGRESO",4,0.14
CASERIO SAN JUAN,4,0.14
"CASERIO LOS ENCUENTROS, ALDEA SAN FRANCISCO",4,0.14
ALDEA SAN GABRIEL,4,0.14
CASERIO SACACHO ALDEA PICHEC,4,0.14
CASERIO XECAMBA,4,0.14
CASERIO PACAAL ALDEA VEGAS DE SANTO DOMINGO CHUAPEROL,4,0.14
ALDEA CHIAC,4,0.14
ALDEA VEGA DEL VOLCAN,4,0.14
ALDEA CHICHUPAC,4,0.14
ALDEA CONCUL,4,0.14
ALDEA RAXJUT,4,0.14
4A. AVENIDA 1-83 ZONA 2,4,0.14
ALDEA VEGAS DE SANTO DOMINGO,4,0.14
ASENTAMIENTO PACUX,4,0.14
CASERIO COXOJABAJ,4,0.14
"CASERÍO CHIRRAMOS, ALDEA LOS PAJALES",4,0.14
CASERIO CUMBRE CRUZ DE LOS YAGUALES ALDEA SUTUN,4,0.14
CASERIO SALAMCHO ALDEA LA LAGUNA,4,0.14
ALDEA SAN JOSE EL RODEO,4,0.14
"CASERÍO CHICRUZ, ALDEA LOS PAJALES",4,0.14
"CASERIO PATABAL, ALDEA GUATZILEP",4,0.14
ALDEA CIMIENTOS CALA,4,0.14
CASERIO SAN ALFREDO,4,0.14
ALDEA LOS LOCHUYES,4,0.14
ALDEA LOS AMATES,4,0.14
ALDEA LOS RAMONES,4,0.14
ALDEA EL CACAO,4,0.14
CASERIO CRUZ DEL RIO MONTE BLANCO,4,0.14
ALDEA SAN MARCOS SACSAMANÍ,4,0.14
CASERIO MONJAS PANIMAQUITO,4,0.14
COMUNIDAD EL CARMEN,4,0.14
CASERIO NUEVO PROGRESO PANCHISIVIC,4,0.14
CASERIO SAN PABLO LA LINEA,4,0.14
ALDEA SACSAMANÍ,4,0.14
CASERIO CRUCERO WESTFALIA,4,0.14
CASERIO ESPERANZA WESTFALIA,4,0.14
CASERIO MULULHA,4,0.14
CASERIO MOSHANTE,4,0.14
CASERIO ESQUIPULAS LA PINADA,4,0.14
CASERIO SACHOXA,4,0.14
CASERIO SAN ANTONIO LIQUIDAMBAR,4,0.14
CASERIO CUMBRE DEL CARPINTERO,4,0.14
CASERIO SAN LUIS PANIMA,4,0.14
CASERIO CHEJEL,4,0.14
ALDEA MONTE BLANCO I,4,0.14
ALDEA MOCOHÁN,4,0.14
CASERIO LA CRUZ II,4,0.14
COMUNIDAD JALAUTE CEMENTERIO,4,0.14
CASERIO EBEN EZER,4,0.14
3A. AVE. 6-23 ZONA 11,3,0.11
DIAGNONAL 1 1-26 ZONA 1,3,0.11
2A. CALLE 11-10 ZONA 2,3,0.11
5A. CALLE 1-98 ZONA 3,3,0.11
"9A. AVENIDA 4-55, ZONA 4",3,0.11
"3A. AVENIDA 8-28, ZONA 10",3,0.11
3A. CALLE 0-43 ZONA 3 BARRIO SAN SEBASTIAN,3,0.11
"2A. CALLE 4-45 ZONA 4, BARRIO SAN FELIPE",3,0.11
"4A. CALLE A 2-17, ENCLAVADO ZONA 2, COLONIA PANÁ",3,0.11
"5A. CALLE 4-18 ZONA 1, BARRIO SANTA ANA",3,0.11
BARRIO SAN SEBASTIAN,3,0.11
"BARRIO LA ESCUELA, ALDEA TELEMAN",3,0.11
BARRIO LA VEGA,3,0.11
8A. CALLE 4-47 ZONA 4,3,0.11
ALDEA CAMPUR,3,0.11
DIAGONAL 2 10-73 ZONA 2 BARRIO SAN PABLO,3,0.11
FINCA MUNICIPAL CHIPAR,3,0.11
ALDEA CHAMIL,3,0.11
COLONIA BELEN,3,0.11
ALDEA CHIQUIBUL,3,0.11
ALDEA BOLONCÓ,3,0.11
BARRIO EL CRUCERO ZONA 3,3,0.11
"BARRIO CAMPO NUEVO, ZONA 2",3,0.11
BARRIO SANTA MARÍA,3,0.11
ALDEA LAS LIMAS,3,0.11
ALDEA SAN IGNACIO,3,0.11
ALDEA EL TUNAL,3,0.11
ALDEA SAN VICENTE,3,0.11
ALDEA LLANO LARGO,3,0.11
CASERIO LA CEIBA ALDEA LAS LIMAS,3,0.11
ALDEA VISTA HERMOSA,3,0.11
"CASERIO EL DURAZNITO, ALDEA LAS LIMAS",3,0.11
ALDEA LA DIVINA PROVIDENCIA,3,0.11
ALDEA EL AGUACATE,3,0.11
CASERIO EL CAMALOTE ALDEA LAS VIGAS,3,0.11
ALDEA SAN ANTONIO CHIVAC,3,0.11
1A. CALLE 11-26 ZONA 2,3,0.11
BARRIO SAN JOSE,3,0.11
"DIAGONAL 4, 1-24, ZONA 2",3,0.11
"BARRIO EL CALVARIO, SECTOR LAS TEJERAS",3,0.11
ALDEA CHUACUSITO,3,0.11
BARRIO MINERVA,3,0.11
CASERIO SAN VICENTE,3,0.11
ALDEA LAS VEGAS,3,0.11
CASERIO PLAN GRANDE ALDEA LAS LIMAS,3,0.11
CASERIO CHOPEN,3,0.11
ALDEA RINCON DE JESUS,3,0.11
CASERIO CHUPEL,3,0.11
ALDEA CHICHOLÓN,3,0.11
CANTÓN SAN JUAN,3,0.11
ALDEA CHICHOLON,3,0.11
CASERIO CHILAJON ALDEA SAN GABRIEL PANTZUJ,3,0.11
CASERÍO CHUPEL,3,0.11
CASERIO LAS VEGAS,3,0.11
"CASERIO CHILUZ, ALDEA XOCOC",3,0.11
"CASERIO CUMBRE EL DURAZNO, ALDEA RAXJUT",3,0.11
ALDEA RIO NEGRO,3,0.11
CASERIO PLAN DE SANCHEZ ALDEA RAXJUT,3,0.11
"CASERIO EL TABLON, ALDEA XEABAJ",3,0.11
"CASERIO CONCULITO, ALDEA CONCUL",3,0.11
CASERIO CHIPACAPOX ALDEA GUACHIPILIN,3,0.11
ALDEA XESIGUAN,3,0.11
3A. CALLE 3-64 ZONA 2,3,0.11
"4A. AVENIDA 1-83, ZONA 2",3,0.11
ALDEA LAS VENTANAS,3,0.11
ALDEA PICHEC,3,0.11
ALDEA EL SAUCE,3,0.11
ALDEA BUENA VISTA,3,0.11
ALDEA PANACAL,3,0.11
ALDEA PALIMONIX,3,0.11
2A. CALLE 4-50 ZONA 3,3,0.11
ALDEA CANCHUN,3,0.11
4A CALLE 2-34 ZONA 1,3,0.11
"CASERIO XEYOCH, ALDEA SANTA ROSA",3,0.11
ALDEA VOLCANCILLO,3,0.11
"COMUNIDAD SAN FRANCISCO, CASERIO EL CHUP",3,0.11
CASERIO XEMES ALDEA SANTA ROSA,3,0.11
COLONIA CHICUXTIN ALDEA CHICUXTIN,3,0.11
CASERIO LACANDON DE LA ALDEA PATZOCON,3,0.11
CASERIO VEGA DE CHUAPEC ALDEA SAN JOSE EL RODEO,3,0.11
"COLONIA CHICUXTÍN, ALDEA LAS VEGAS",3,0.11
ALDEA EL CEBOLLAL,3,0.11
"CHIRUJ, BARRIO MAGDALENA",3,0.11
BARRIO SAN MIGUEL,3,0.11
"CASERÍO PALÁ, ALDEA TRES CRUCES",3,0.11
ALDEA SUTUN,3,0.11
CASERIO CHUACHACALTE ALDEA TRES CRUCES,3,0.11
CASERIO SACAQUEJ ALDEA TRES CRUCES,3,0.11
"CANTÓN EL AMATE, CASERÍO EL CHAPOTE, ALDEA EL CEBOLLAL",3,0.11
CASERIO TRAPICHE VIEJO,3,0.11
COLONIA EL NARANJO,3,0.11
"CASERÍO JOYA DE LA VEGA, ALDEA SALTÁN",3,0.11
ALDEA NANCE DULCE,3,0.11
ALDEA IXCHEL,3,0.11
CASERIO SAN ISIDRO ALDEA LA CONCEPCION,3,0.11
ALDEA LOS JOBOS,3,0.11
CASERIO SANTA LUCIA,3,0.11
CASERIO LA PILITA,3,0.11
"CASERIO EL CASTAÑO, ALDEA EL JICARO",3,0.11
"CASERÍO PLANES Y BODEGAS, ALDEA EL JÍCARO",3,0.11
ALDEA SAN ISIDRO,3,0.11
BARRIO ARRIBA,3,0.11
ALDEA TASQUEHUITE,3,0.11
ALDEA SANTA CATARINA,3,0.11
ALDEA SANTA MARTA,3,0.11
FINCA SANTO DOMINGO,3,0.11
ALDEA PEÑA DEL ANGEL,3,0.11
ALDEA EBEN-EZER,3,0.11
CASERÍO RENACIMIENTO VEGA LARGA I,3,0.11
CASERÍO CHACALTÉ PAMPACAY,3,0.11
CASERIO COOPERATIVA CUMBRE SACSAMANI,3,0.11
CASERÍO MONTE BLANCO,3,0.11
ALDEA ESFUERZO CHEJEL,3,0.11
CASERÍO MONTE ALEGRE,3,0.11
CASERIO RINCON DEL QUETZAL,3,0.11
CASERÍO NUEVO AMANECER PANCOC,3,0.11
CASERIO PORTEZUELO,3,0.11
CASERIO OLIMPIA,3,0.11
CASERIO SUCURSAL CHICOJ PANCHISIVIC,3,0.11
ALDEA VEGA LARGA II,3,0.11
CASERIO EL PACAYAL,3,0.11
ALDEA CHANTEL CHICOY,3,0.11
ALDEA MONJON PANIMA,3,0.11
CASERIO XALITZUUL MONTE BLANCO,3,0.11
CASERIO PANZAL JALAUTE,3,0.11
BARRIO EL CALVARIO,3,0.11
FINCA BREMEN PANZAL,3,0.11
CASERIO PANIMAQUITO,3,0.11
CASERIO EL REPOLLAL,3,0.11
COMUNIDAD CHANTEL CHICOY,3,0.11
ALDEA EL DURAZNO,3,0.11
CASERÍO NUEVO PROGRESO PANCHISIVIC,3,0.11
CASERIO EL COMUNAL,3,0.11
CASERIO PANCALA,3,0.11
CASERIO VEGA LARGA I,3,0.11
ALDEA CHACALTE SINAJA,3,0.11
CASERIO EL PARAISO PAMPA,3,0.11
12 AV. 2-12 ZONA 1,2,0.07
5TA. CALLE 2-23 ZONA 4,2,0.07
5A. CALLE 1-06 ZONA 3,2,0.07
1A. CALLE 7-22 ZONA 3,2,0.07
12 AVENIDA 2-12 ZONA 1,2,0.07
"2A. CALLE 11-10, ZONA 2",2,0.07
"2A. CALLE 8-18 ZONA 4, COBAN",2,0.07
6A. CALLE 2-06 ZONA 8 PERIFERICO SUR COBAN,2,0.07
"DIAGONAL 3, 14-11 ZONA 2",2,0.07
3A. AVENIDA 8-32 BARRIO LA LIBERTAD ZONA 10,2,0.07
0 CALLE B OC-150 ZONA 4,2,0.07
"3A. AVENIDA 4-55 ZONA 5, RESIDENCIALES RAXPEC",2,0.07
"0 CALLE B OC-150, ZONA 4",2,0.07
"2A. AVE. 02-053 ZONA 2, BARRIO SAN JACINTO",2,0.07
0 CALLE B OC 150 ZONA 4 DE LA VILLA DE TACTIC,2,0.07
LOTE NO. 42 CASERÍO NUEVA ESPERANZA,2,0.07
"INSTALACIONES QUE OCUPA EL INSTITUTO DE EDUCACIÓN BÁSICA POR COOPERATIVA DE ENSEÑANZA, ALDEA TELEMAN",2,0.07
ALDEA CAHABONCITO,2,0.07
COLONIA SANTA ISABEL,2,0.07
ALDEA LA TINTA,2,0.07
BARRIO LA PROVIDENCIA,2,0.07
5A CALLE FINAL ZONA 1,2,0.07
"14 CALLE 7-96 ZONA 2, BARRIO SARAXOCH",2,0.07
"8A. CALLE 4-47, ZONA 4",2,0.07
4A. CALLE FINAL ZONA 1,2,0.07
ALDEA SETZACPEC,2,0.07
ALDEA BANCAB,2,0.07
ALDEA TZACANIHA,2,0.07
BARRIO SAN LUIS,2,0.07
1A CALLE 0-07 ZONA 1,2,0.07
BARRIO SAN PEDRO,2,0.07
BARRIO LA FLORIDA,2,0.07
BARRIO SANTO DOMINGO,2,0.07
CASERÍO XALAJA CHIVITZ,2,0.07
CASCO URBANO,2,0.07
CALLE PRINCIPAL 5-81 ZONA 1,2,0.07
"CALLE DEL CAMPO LOTE 287, BARRIO EL CENTRO",2,0.07
BARRIO EL MAGISTERIO,2,0.07
"BARRIO PEÑA BLANCA, ZONA 6",2,0.07
BARRIO PEÑA BLANCA ZONA 6,2,0.07
BARRIO CONCEPCION,2,0.07
5A. CALLE 8-70 ZONA 1,2,0.07
ALDEA LOS PINOS,2,0.07
ALDEA LA PAZ 1,2,0.07
ALDEA EL CHAGUITE,2,0.07
ALDEA CACHIL,2,0.07
ALDEA EL CARMEN,2,0.07
ALDEA LAS TUNAS,2,0.07
ALDEA SAN NICOLAS,2,0.07
ALDEA PACALAJ,2,0.07
ALDEA CUMBRE SANTA ISABEL,2,0.07
ALDEA IXCAYAN,2,0.07
ALDEA LAS TROJAS,2,0.07
13 AVENIDA 7-41 ZONA 2 BARRIO HACIENDA DE LA VIRGEN,2,0.07
"CASERÍO EL ESTORAQUE, ALDEA LA PAZ 2",2,0.07
CASERIO LA GARCIA ALDEA LAS LIMAS,2,0.07
CASERIO LAS VEGUITAS ALDEA CHAGUITE,2,0.07
ALDEA LOS MAGUEYES,2,0.07
"CASERIO EL ANONO, ALDEA CHIVAC",2,0.07
"CASERIO LAGUNILLAS, ALDEA VAINILLAS",2,0.07
"RUTA 4, ZONA 5 BARRIO SANTA ELENA",2,0.07
CASERIO LAS SAHUECITAS ALDEA LAS ANONAS,2,0.07
"CASERIO AGUA CALIENTE, ALDEA LA CANOA",2,0.07
"CASERÍO LA MAJADA, ALDEA LLANO GRANDE",2,0.07
"2A. CALLE, ZONA 1",2,0.07
ALDEA EL ZAPOTE,2,0.07
ALDEA LAS TINTAS,2,0.07
ALDEA LA CANOA,2,0.07
ALDEA LAS VEGAS CHIVAC,2,0.07
ALDEA LAS CUREÑAS,2,0.07
ALDEA ESTANCIA GRANDE,2,0.07
ALDEA LAS PALMAS,2,0.07
ALDEA LAS VICTORIAS,2,0.07
"CASERIO LAS TEJAS, ALDEA LA CANOA",2,0.07
ALDEA EL ZARAL,2,0.07
ALDEA EL AMATE,2,0.07
ALDEA EL RODEO,2,0.07
4A. CALLE 7-70 ZONA 1,2,0.07
ALDEA POZO DE AGUA,2,0.07
"6A. AVENIDA 1-89, ZONA 4 BARRIO EL CALVARIO SECTOR MINERVA",2,0.07
ALDEA CHILASCO,2,0.07
4A. CALLE 1-29 ZONA 1,2,0.07
ALDEA NUEVO SAN JUAN,2,0.07
RUTA 4 12-68 ZONA 5,2,0.07
CASERIO LOS GUZMAN ALDEA LAS MINAS,2,0.07
"CASERIO LAS VEGAS, SAN RAFAEL",2,0.07
"CASERIO LOS GUZMAN, ALDEA LAS MINAS",2,0.07
CASERIO RINCONADA DEL CHUPEL,2,0.07
CASERIO CHICAJA,2,0.07
CASERIO SANTA RITA NORTE,2,0.07
CASERIO RINCONADA DE CHUPEL,2,0.07
CASERIO CHILAJON,2,0.07
CASERÍO RINCÓN SAN PEDRO,2,0.07
ALDEA QUIATE,2,0.07
CASERÍO PACHALUM,2,0.07
CASERIO EL JAVILLAL Y BRAMADERO,2,0.07
BARRIO SAN JUAN ALDEA SAN GABRIEL PANTZUJ,2,0.07
CASERIO CHILUZ ALDEA XOCOC,2,0.07
CASERIO CHISALIYA,2,0.07
ALDEA VEGAS SAN ANTONIO,2,0.07
CASERIO PLAN DE SANCHEZ,2,0.07
"CASERIO LA ESPERANZA, ALDEA CHIRRUM",2,0.07
"CASERÍO QUEBRADA HONDA, ALDEA SAN LUIS",2,0.07
CASERIO CHISALIYA ALDEA SAN RAFAEL,2,0.07
CASERIO LAS DELICIAS ALDEA SAN RAFAEL,2,0.07
"2A. AVE. Y 3A. CALLE, ESQUINA ZONA 4",2,0.07
CASERIO EL TABLON ALDEA XEABAJ,2,0.07
CASERIO ASENTAMIENTO PACUX,2,0.07
CASERIO LAS ASTRAS,2,0.07
"CASERÍO CORROLABAJ, ALDEA CHITICOY",2,0.07
"CASERIO EL PALMAR, ALDEA CHIRRUM",2,0.07
5A. AVENIDA 5-71 ZONA 1,2,0.07
ALDEA VEGAS DE SANTO DOMINGO CHUAPEROL,2,0.07
"BARRIO SANTO DOMINGO, FRENTE AL CAMPO DE AVIACIÓN, ZONA 2",2,0.07
CASERIO JOYA DE RAMOS ALDEA LAS VENTANAS,2,0.07
ALDEA SAN LUIS,2,0.07
ALDEA CHIXIM,2,0.07
ALDEA CHIRRUM,2,0.07
ALDEA PATIXLAN,2,0.07
ALDEA PAHOJ,2,0.07
ALDEA PACHICÁ,2,0.07
ALDEA CHUATEGUA,2,0.07
4TA. AVENIDA 1-83 ZONA 2,2,0.07
"1A. CALLE 7-17, ZONA 2",2,0.07
CASERIO LA ESPERANZA ALDEA CHIRRUM,2,0.07
CASERIO PACACJA ALDEA VEGAS SANTO DOMINGO,2,0.07
CASERIO CHUAK'UN ALDEA XOCOC,2,0.07
ALDEA CHUATEGUA PARTE BAJA,2,0.07
ALDEA CANCHEL,2,0.07
"CASERÍO VEGA SANTA ROSA, ALDEA SANTA ROSA",2,0.07
ALDEA PATZOCOM,2,0.07
"CANTÓN SUTUNCITO, ALDEA SUTÚN",2,0.07
"CASERÍO HIERBABUENA, ALDEA SAN JOSÉ EL RODEO",2,0.07
"CASERÍO CERRO XUN, ALDEA LA LAGUNA",2,0.07
CASERIO PACHIPAC ALDEA TRES CRUCES,2,0.07
"CASERÍO CHIHUESÁ, ALDEA GUATZILEP",2,0.07
"CASERÍO PAHUESÁ, ALDEA PATZIJOM",2,0.07
"CASERIO SARESPINO, ALDEA EL CEBOLLAL",2,0.07
CASERIO PASAHU ALDEA CANCHEL,2,0.07
"CASERÍO CHICHÓ SUTÚN, ALDEA SUTÚN",2,0.07
"CASERIO CHUABERENA, ALDEA GUATZILEP",2,0.07
"CASERÍO CHUABAJ, ALDEA GUATZILEP",2,0.07
CASERIO PACOXOM DE LA ALDEA CHOVEN,2,0.07
"CASERIO MALENA, ALDEA LA LAGUNA",2,0.07
"CASERÍO OJO DE AGUA, ALDEA CIMIENTOS CALÁ",2,0.07
"CASERIO PACHIJUL, ALDEA LOS PAJALES",2,0.07
"CASERIO PACHIPAC, ALDEA TRES CRUCES",2,0.07
"CASERÍO PALOQUEJ, ALDEA PATZIJÓN",2,0.07
"CASERÍO PORTEZUELO VOLCANCILLO, ALDEA VOLCANCILLO",2,0.07
"CASERÍO PAHOJ, ALDEA GUATZILEP",2,0.07
"CASERÍO CHUACHACALTÉ II, ALDEA TRES CRUCES",2,0.07
CASERIO EL PLATANAR ALDEA EL CEBOLLAL,2,0.07
CASERIO EL LAUREL ALDEA SANTA ROSA,2,0.07
"CASERÍO EL CAMPOSANTO, ALDEA SANTA ROSA",2,0.07
"CASERÍO TZAMILEP, ALDEA PATZIJON",2,0.07
CASERIO EL PEÑASCO ALDEA PACHOJOP,2,0.07
"CASERÍO CHAMPOROX, ALDEA LA LAGUNA",2,0.07
"CASERÍO CHIMACHÓ, ALDEA GUATZILEP",2,0.07
"CASERÍO PIEDRAS BLANCAS, ALDEA ALIBALABAJ",2,0.07
"CASERIO PICHAL, ALDEA LOS PAJALES",2,0.07
"COLONIA EL NARANJO, ALDEA LAS VEGAS",2,0.07
"CASERÍO LA LAGUNA PATZIJÓN, ALDEA PATZIJÓN",2,0.07
"CASERIO LOS TABLONES, ALDEA PATZIJON",2,0.07
"CASERIO SAN ISIDRO, ALDEA LOS PAJALES",2,0.07
CASERIO PICHAL ALDEA LOS PAJALES,2,0.07
CASERIO CHUABERENA ALDEA GUATZILEP,2,0.07
CASERIO PALOCHUY XOLAIJ ALDEA GUATZILEP,2,0.07
"CASERIO CHIRRUMAN, ALDEA SUTUN",2,0.07
"CASERIO CHICUXTIN, ALDEA LAS VEGAS",2,0.07
"CASERIO EL NARANJO, ALDEA LAS VEGAS",2,0.07
ALDEA GUATZILEP,2,0.07
"CASERIO SANGRE DE CRISTO, ALDEA CANCHEL",2,0.07
"CASERIO EL CARRIZAL, ALDEA EL CEBOLLAL",2,0.07
"CASERIO EL RODEO, ALDEA LAS VEGAS",2,0.07
"CASERIO CHITOMAX, ALDEA LOS PAJALES",2,0.07
"CASERÍO CHIVAQUITO, ALDEA LOS PAJALES",2,0.07
ALDEA PATZIJON,2,0.07
"CASERIO SACAQUEJ II, ALDEA TRES CRUCES",2,0.07
"CASERIO CHINIX, ALDEA LA LAGUNA",2,0.07
CASERÍO EL NARANJO,2,0.07
CASERÍO CHIRUJ,2,0.07
"CASERÍO SANGRE DE CRISTO, ALDEA CANCHEL",2,0.07
"CASERÍO CHITOMAX, ALDEA LOS PAJALES",2,0.07
"CASERÍO LA ESTANCIA, ALDEA PATZIJÓN",2,0.07
"CASERIO PIEDRAS BLANCAS, ALDEA PATZIJON",2,0.07
"CASERIO XUN, ALDEA LA LAGUNA",2,0.07
"CASERIO CACAHUATAL, ALDEA SANTA ROSA",2,0.07
COLONIA BUENA VISTA,2,0.07
BARRIO SANTIAGO,2,0.07
"CASERÍO LLANO EL PINO XOLACOY, ALDEA SUTÚN",2,0.07
CRUCERO WESFALIA,2,0.07
CASERIO CHIPOROTEY ALDEA PATZIJON,2,0.07
CASERIO PACANI ALDEA XINACATI,2,0.07
CASERIO CHIHUESA,2,0.07
CASERIO CERRO XUN,2,0.07
CASERIO HIERBA BUENA ALDEA SAN JOSE EL RODEO,2,0.07
CASERIO CHUABAJ ALDEA GUATZILEP,2,0.07
CASERIO OJO DE AGUA ALDEA CIMIENTOS CALA,2,0.07
CASERIO CHICOCOX ALDEA XINACATI,2,0.07
CASERIO PALOQUEJ ALDEA PATZIJON,2,0.07
CASERIO XEUL ALDEA CANCHEL,2,0.07
CASERIO EL CHUP ALDEA PATZOCON,2,0.07
CASERIO PAHOJ ALDEA PATZIJON,2,0.07
CASERIO SUTUNCITO ALDEA SUTUN,2,0.07
CASERIO CHAMPOROX I ALDEA LA LAGUNA,2,0.07
"BARRIO LA CEIBA, ALDEA LLANO GRANDE",2,0.07
"CASERIO RANCHO DE TEJA, ALDEA SALTAN",2,0.07
CASERIO SAN JOSE LOS ENCUENTROS,2,0.07
"CASERIO EL PASTOR, ALDEA IXCHEL",2,0.07
"CASERIO EL AVIADERO, ALDEA SALTAN",2,0.07
"CASERIO CASAS VIEJAS, ALDEA LAS DANTAS",2,0.07
"ÁREA URBANA, CABECERA MUNICIPAL",2,0.07
ALDEA CONCUÁ,2,0.07
ALDEA LOS POZOS,2,0.07
ALDEA LAS DANTAS,2,0.07
ALDEA ESTANCIA DE GARCÍA,2,0.07
ALDEA EL GUAPINOL,2,0.07
ALDEA SACRAMENTO,2,0.07
ALDEA SAN JOSE SUCHICUL,2,0.07
"CASERIO CABRERA, ALDEA IXCHEL",2,0.07
CASERÍO EL ZAPOTE,2,0.07
ALDEA EL ORATORIO,2,0.07
BARRIO LA CEIBA ALDEA LLANO GRANDE,2,0.07
"CASERIO EL POTRERO,SAN FELIPE Y EL CALVARIO",2,0.07
CASERIO EL PLATANAR ALDEA AGUA CALIENTE,2,0.07
CASERIO LA TROJA,2,0.07
CASERIO GUACHIPILIN ALDEA AGUA CALIENTE,2,0.07
ALDEA PACOC,2,0.07
ALDEA LO DE REYES,2,0.07
ALDEA LA CONCEPCION,2,0.07
CASERIO SANTA LUCIA ALDEA LOS LOCHUYES,2,0.07
CASERIO EL AMATILLO,2,0.07
CASERIO BALANCHE ALDEA AGUA CALIENTE,2,0.07
"CASERIO SANTA LUCIA, ALDEA LOS LOCHUYES",2,0.07
"CASERIO EL ZARZALITO, ALDEA AGUA CALIENTE",2,0.07
CASERIO EL ZARZALITO ALDEA AGUA CALIENTE,2,0.07
"CASERIO EL NARANJO, ALDEA EL ASTILLERO",2,0.07
CASERÍO CAÑAS VIEJAS,2,0.07
"CASERÍO EL AGUACATE, ALDEA EL JÍCARO",2,0.07
"CASERÍO EL NARANJO, ALDEA EL ASTILLERO",2,0.07
"CASERIO LAS GUAJACAS, ALDEA DURAZNO I",2,0.07
ALDEA LAS CARBONERAS,2,0.07
CASERIO GUAJACA ALDEA EL DURAZNO I,2,0.07
ALDEA VEGA DEL CHILE,2,0.07
"BARRIO ABAJO, CALLE LA ASUNCIÓN",2,0.07
"CASERIO LOS CERRITOS, ALDEA EL JICARO",2,0.07
ALDEA EL JICARO,2,0.07
ALDEA RINCONADA SAN LORENZO,2,0.07
ALDEA EL DURAZNO I,2,0.07
ALDEA SIBABAJ,2,0.07
CASERIO CAYAS VIEJAS,2,0.07
"CASERIO EL AGUACATE, ALDEA EL JICARO",2,0.07
CASERIO EL NARANJO DE LA ALDEA EL ASTILLERO,2,0.07
CASERIO BODEGA Y PLANES DE SAN GERONIMO,2,0.07
ALDEA LOS LIMONES,2,0.07
CASERIO CONCEPCION PANCHISIVIC,2,0.07
CASERÍO SIERRA LINDA,2,0.07
CASERÍO NUEVA ESPERANZA MONTE BLANCO,2,0.07
CASERIO LA CAOBA-PANCHISIVIC,2,0.07
CASERÍO ROSARIO PANZAL,2,0.07
CASERÍO TIERRA BLANCA JALAUTÉ,2,0.07
CASERÍO LOS ENCUENTROS,2,0.07
CASERIO CRUCERO HELVETIA,2,0.07
CASERÍO CIVIJÁ,2,0.07
CASERIO MOXANTE CRUZ DE PIEDRA,2,0.07
CASERIO LA CAOBA -PANCHISIVIC,2,0.07
CASERÍO PARAJE LOS NARANJALES,2,0.07
CASERIO SAN PABLO HELVETIA,2,0.07
CASERIO EL JUTE ALDEA COLA DEL MICO,2,0.07
CASERIO CORTEZ LA CUCHILLA,2,0.07
CASERIO SAN JOSE HELVETIA,2,0.07
CASERIO TIXILHA,2,0.07
CASERIO NUEVA SAN RAFAEL,2,0.07
CASERÍO HAMACA PANCHISIVIC,2,0.07
CASERIO CONCEPCION LAS FLORES,2,0.07
CASERÍO LOS ANGELES MAXAXÁ,2,0.07
CASERÍO SANTA ELENA PANIMÁ,2,0.07
CASERIO LA PAZ CHEJEL,2,0.07
CASERÍO CRUCERO HELVETIA,2,0.07
CASERÍO CAMELIA PANZAL,2,0.07
CASERIO PARRACHOCH II,2,0.07
CASERÍO TRES CRUCES,2,0.07
CASERÍO NUEVA GLORIA,2,0.07
CASERÍO VILLA NUEVA SULIN,2,0.07
CASERÍO EL REPOLLAL I,2,0.07
CASERIO XEJBAL MONTE BLANCO,2,0.07
CASERÍO EL CEMENTERIO MONTE BLANCO,2,0.07
CASERÍO AGUA VIVA,2,0.07
FINCA WASHINGTON,2,0.07
CASERÍO BETHEL MONTE VERDE,2,0.07
COMUNIDAD INDÍGENA DOS FUENTES,2,0.07
CASERÍO RÍO COLORADO,2,0.07
CASERÍO PARRACHOCH I,2,0.07
ALDEA MATUCUY I,2,0.07
CASERIO PANTIN,2,0.07
FINCA COOPERATIVA WESTFALIA,2,0.07
CASERIO RIO COLORADO,2,0.07
ALDEA COLA DEL MICO,2,0.07
CASERÍO SANTA RITA PANZAL,2,0.07
CASERÍO CENTRO HELVETIA,2,0.07
CASERIO TRES CRUCES,2,0.07
ALDEA MATUCUY II,2,0.07
CASERIO OREJUELA,2,0.07
CASERIO RIBACO,2,0.07
ALDEA JALAUTÉ,2,0.07
CASERÍO CENTRO PANCHISIVIC,2,0.07
COMUNIDAD LAS FLORES,2,0.07
CASERIO CHANTEL CHICOY,2,0.07
CASERIO EL MEZCAL,2,0.07
CASERÍO RINCÓN DEL SUQUINAY,2,0.07
CASERIO EL ROSARIO PANZAL,2,0.07
CASERIO LA HAMACA PANCHICIVIC,2,0.07
CASERIO SECTOR NORTE,2,0.07
CASERIO NUEVA ESPERANZA EL CEMENTERIO,2,0.07
COMUNIDAD ECA NUEVO AMANECER PANCOC,2,0.07
COMUNIDAD CUCHILLA JALANTE,2,0.07
CASERIO JALAUTE TIERRA BLANCA HACIENDA II,2,0.07
CASERIO LOS ANGELES,2,0.07
ALDEA CHICOY,2,0.07
6A. AVENIDA 1-15 ZONA 4,1,0.04
KM.2 SALIDA A SAN JUAN CHAMELCO ZONA 8,1,0.04
KM 209.5 ENTRADA A LA CIUDAD,1,0.04
7A. AVENIDA 11-109 ZONA 6,1,0.04
2A CALLE 11-10 ZONA 2,1,0.04
3A AVE 6-23 ZONA 11,1,0.04
5A. CALLE 1-9 ZONA 3,1,0.04
3 AV. 5-28 ZONA 4,1,0.04
7A. CALLE 11-09 ZONA 6 COBAN,1,0.04
3A. AVAENIDA 1-23 ZONA 4,1,0.04
11 AVENIDA 5-17 ZONA 4,1,0.04
"DIAGONAL 08 8-05 ZONA 8, BARRIO CANTÓN LAS CASAS",1,0.04
FINCA CHIMAXITO ZONA 11,1,0.04
3RA. AVENIDA 5-12 ZONA 4,1,0.04
ALDEA LAS CONCHAS,1,0.04
4A. CALLE A 4-32 ZONA 8,1,0.04
"3A. CALLE 3-74, ZONA 3",1,0.04
"5A. CALLE 1-06, ZONA 3",1,0.04
LOTIFICACION CHIVENCORRAL,1,0.04
"1A CALLE 17-41 COMUNIDAD PETET CHIXIC, ZONA 12",1,0.04
"CALZADA RABIN AJAU, ZONA 1",1,0.04
ALDEA SALACUIM,1,0.04
ALDEA CHOVAL,1,0.04
6A. AV. 10-68 ZONA 12 COLONIA EL ESFUERZO I,1,0.04
ALDEA NIMLAJACOC,1,0.04
5TA. AVENIDA 2-23 ZONA 4,1,0.04
"5A CALLE 1-98, ZONA 3",1,0.04
11AVENIDA 1-10 ZONA 1,1,0.04
3A. AVENIDA CINCO GUION DOCE (5-12),1,0.04
1A. AV. 4-24 ZONA 2,1,0.04
3A. AV. 5-12 ZONA 4,1,0.04
7A. AV. 2-18 D ZONA 1,1,0.04
"1A, AVENIDA 4-24 ZONA 2",1,0.04
2DA. CALLE 16-94 ZONA 4,1,0.04
10 AVENIDA 1-25 ZONA 3,1,0.04
"2A. CALLE ""A"" 11-10, ZONA 1",1,0.04
"12 AVENIDA 2-12, ZONA 1",1,0.04
"2A. CALLE 12-23, ZONA 4",1,0.04
"DIAGONAL 1 1-26, ZONA 1 COBÁN",1,0.04
"DIAGONAL 3 14-11, ZONA 2",1,0.04
"3A. AVENIDA 8-32, ZONA 10",1,0.04
"3A. AVENIDA 5-12, ZONA 4",1,0.04
2A. CALLE 1-99 ZONA 4 COBAN,1,0.04
2A. CALLE 1-99 ZONA 4,1,0.04
8A. AVENIDA 02-43 ZONA 1,1,0.04
BARRIO CHIVENCORRAL ZONA 12,1,0.04
SAN BENITO I,1,0.04
1A. AVENIDA 5-56 ZONA 2,1,0.04
"DIAGONAL 3, 11-04, ZONA 2",1,0.04
8A. AVENIDA 4-39 ZONA 4,1,0.04
9A. AVENIDA 2-22 ZONA 1,1,0.04
7A. CALLE 11-233 ZONA 6,1,0.04
ALDEA COPAL AA LA ESPERANZA,1,0.04
ALDEA NUEVO AQUIL,1,0.04
"DIAGONAL 3, 15 AVENIDA, DE LA ZONA 02",1,0.04
CASERÍO SANTA LUCIA LACHUA,1,0.04
CASERÍO SAN LUIS VISTA HERMOSA,1,0.04
13 AVENIDA 2-12 ZONA 2,1,0.04
1A. CALLE 3-25 ZONA 1,1,0.04
1A. CALLE 13-04 ZONA 3,1,0.04
5TA. CALLE 1-06 ZONA 3,1,0.04
3A. AVENIDA 5-28 ZONA 4,1,0.04
2A. CALLE 6-41 ZONA 4,1,0.04
COBAN,1,0.04
COLONIA EL ESFUERZO I ZONA 12,1,0.04
BARRIO LA LIBERTAD ZONA 10,1,0.04
"6A. AVENIDA 1-15, ZONA 4",1,0.04
2A. CALLE 11-20 ZONA 2,1,0.04
3AVENIDA 6-23 ZONA 11,1,0.04
"5A. CALLE 1-98, ZONA 3.",1,0.04
3AV. 1-23 ZONA 4,1,0.04
3AV. 3A. CALLE DE LA ZONA 2,1,0.04
CALZADA RABIN AJAU ZONA 11,1,0.04
6A. CALLE 8-10 ZONA 10 CERRITO EL CARACOL COBÁN,1,0.04
FINCA SAN JOSE LA COLONIA,1,0.04
3A. CALLE 7-07 ZONA 3,1,0.04
12AV. 2-12 ZONA 1,1,0.04
KM.209.5 ENTRADA A COBAN,1,0.04
2A. CALLE 4-61 ZONA 4,1,0.04
1A. AVENIDA 5-52 ZONA 2,1,0.04
6TA. AVENIDA 1-27 ZONA 4,1,0.04
"CALLE 3 DE MAYO 2-67 ZONA 2, BARRIO SANTO TOMAS",1,0.04
"CALLE 3 DE MAYO 2-70, ZONA 1",1,0.04
"CALLE 3 DE MAYO 2-67, BARRIO SANTO TOMAS",1,0.04
BARRIO CHIYUC,1,0.04
"5A. CALLE 4-18 ZONA 1, BARRIO SANTA ANA, SAN CRISTÓBAL VERAPAZ",1,0.04
"2A. CALLE ZONA 4, BARRIO SAN FELIPE",1,0.04
CASERÍO PANTOCAN,1,0.04
COLONIA PANTOCÁN,1,0.04
"0 AVENIDA 7-03, ZONA 3, BARRIO SAN CRISTÓBAL",1,0.04
"3A. CALLE 0-43 ZONA 3, BARRIO SAN SEBASTIAN",1,0.04
"4A. AVENIDA, ENTRE 0 Y 1 CALLE ZONA 4, BARRIO SAN FELIPE",1,0.04
"2A. CALLE 2A. AVENIDA ZONA 3, BARRIO SAN SEBASTIAN",1,0.04
CASERÍO CHILLEY,1,0.04
BARRIO ESQUIPULAS,1,0.04
CANTÓN LAS ARRUGAS,1,0.04
"0 AVENIDA 1-71 ZONA 5, BARRIO SAN CRISTOBAL",1,0.04
8A. AVENIDA 6-00 ZONA 1,1,0.04
1A. AVENIDA 3-62 ZONA 4 BARRIO SAN FELIPE,1,0.04
0 AVENIDA 1-71 ZONA 5 BARRIO SAN CRISTOBAL,1,0.04
5A. AVENIDA 2-35 ZONA 1,1,0.04
"CANTON CHIJACORRAL, ZONA 7",1,0.04
4A. AVENIDA OC-176 ZONA 4,1,0.04
CANTON CHIJACORRAL,1,0.04
"0 CALLE ""C"" 4-29 ZONA 4, BARRIO CHAMCHÉ",1,0.04
"1A. AVENIDA 6-73 ZONA 7, CANTÓN CHIJACORRAL",1,0.04
CASERO CHIJULHA 02/01/2018,1,0.04
"12 AV. A  4-30, ZONA 3, BARRIO ASUNCION",1,0.04
12 AVENIDA  A  4-30 ZONA 3,1,0.04
"O CALLE ""C"" 4-29 ZONA 4, BARRIO CHAMCHE",1,0.04
"12A. AVENIDA ""A"" 4-30 ZONA 2, BARRIO ASUNCION",1,0.04
4A. AVENIDA 0 CALLE -176 ZONA 4,1,0.04
BARRIO ASUNCION,1,0.04
"O CALLE  B  OC-150, ZONA 4.",1,0.04
12 AV. 4-30 ZONA 3,1,0.04
BARRIO LA ASUNCION DE LA VILLA DE TACTIC,1,0.04
12 AV.  A  4-30 ZONA 3,1,0.04
TAMAHU,1,0.04
"BARRIO EL CENTRO, TAMAHU",1,0.04
"LOTE NO. 42, CASERIO NUEVA ESPERANZA",1,0.04
CASERÍO NUEVA ESPERANZA,1,0.04
"LOTE NO. 42, CASERÍO NUEVA ESPERANZA",1,0.04
ALDEA NUEVO VINAROZ,1,0.04
CANTON LA PLAYA,1,0.04
CALLE PRINCIPAL TELEMAN,1,0.04
"BARRIO EL CENTRO, ALDEA TELEMÁN",1,0.04
"BARRIO LA ESCUELA, TELEMAN",1,0.04
"INSTALACIONES DEL INSTITUTO DE EDUCACION BASICA POR COOPERATIVA DE ENSEÑANZA, ALDEA TELEMAN",1,0.04
ALDEA CANLUN I,1,0.04
BARRIO EL MAU,1,0.04
COLONIA 30 DE MAYO,1,0.04
COMUNIDAD LA MONTAÑESA,1,0.04
COOPERATIVA CHIREAJ,1,0.04
COOPERATIVA SANTA MARIA SAN MARCOS,1,0.04
COOPERATIVA ACTELA,1,0.04
ALDEA YALIJUX,1,0.04
COOPERATIVA SEMARAC I,1,0.04
SENAHÚ,1,0.04
BARRIO SAN VICENTE,1,0.04
"3A. CALLE ""A"" 3-68 ZONA 4, BARRIO BELLA VISTA",1,0.04
8A. AVENIDA 4-47,1,0.04
"DIAGONAL 2 10-73, ZONA 2",1,0.04
ALDEA CAQUIGUAL,1,0.04
"DIAGONAL 2 10-73 ZONA 2, BARRIO SAN PABLO",1,0.04
ALDEA CHIQUIXJI,1,0.04
ALDEA SACRAB,1,0.04
"2A. CALLE 3-24 ZONA 7, COLONIA SANTO DOMINGO",1,0.04
"RESIDENCIALES RAXPEC, SECTOR CHAJUCH LOTE NÚMERO 17",1,0.04
ALDEA COJAJ,1,0.04
ALDEA CHACALTE,1,0.04
ALDEA XICACAO,1,0.04
"COLONIA CHIBUJBU, 2A. CALLE FINAL ZONA 5",1,0.04
4TA. CALLE FINAL ZONA 1,1,0.04
SAN PEDRO CARCHA,1,0.04
5A. CALLE 7-86 ZONA 1,1,0.04
"6TA. CALLE 3ERA. AVENIDA, ZONA 2",1,0.04
ALDEA SEJALAL,1,0.04
ALDEA TANCHI,1,0.04
ALDEA POCOLA,1,0.04
ALDEA CHICOJL,1,0.04
ALDEA CHIYO,1,0.04
ALDEA SAN VICENTE CHICATAL,1,0.04
ALDEA SEQUIXQUIB,1,0.04
ALDEA CHELAC,1,0.04
ALDEA CHITOC,1,0.04
"1A. CALLE 2-50, ZONA 8",1,0.04
6A. CALLE 6-85 ZONA 2,1,0.04
3A. CALLE 4-55 ZONA 5,1,0.04
KILOMETRO 218.5 SEDE REGIONAL UNIVERSIDAD RAFAEL LANDIVAR,1,0.04
"0 CALLE 5-98, ZONA 4",1,0.04
0 AVENIDA 1A. CALLE NO. 002 ZONA 4 BARRIO SANTO DOMINGO,1,0.04
0 AVENIDA 1A CALLE NO. 002 ZONA 4 BARRIO SANTO DOMINGO,1,0.04
"2A. AVENIDA 7-66 ZONA DOS, BARRIO SANTA ANA ORIENTAL",1,0.04
1ERA. CALLE 0-02 ZONA 4,1,0.04
"2A. CALLE 6-41, ZONA 4",1,0.04
ALDEA SAQUIJA,1,0.04
COLONIA BELÉN,1,0.04
ALDEA CHINAMA,1,0.04
CABECERA,1,0.04
ALDEA PINARES,1,0.04
SANTA MARIA CAHABON,1,0.04
ALDEA BELÉN,1,0.04
ALDEA TUILA,1,0.04
CASERÍO TAQUINCO LA ESPERANZA,1,0.04
COLONIA SECAMPANA,1,0.04
ALDEA SEPOC,1,0.04
PARCELA NO. 1 COMUNIDAD SAN SIMON NO. II,1,0.04
ALDEA SAMOCOCH,1,0.04
COMUNIDAD SAN SIMON II,1,0.04
CHISEC,1,0.04
ALDEA CANLECH,1,0.04
BARRIO CONCEPCION ALDEA RAXRUHA,1,0.04
BARRIO SANTA MARIA ALDEA RAXRUHA,1,0.04
LOTES 682-678 1A. CALLE 10AV. ZONA 1 BARRIO NAZARETH 03/11/2017,1,0.04
CASERÍO SANTA MARÍA CHICOC,1,0.04
CASERÍO CHAQUIROQUIJA,1,0.04
CASERÍO SETAL,1,0.04
CASERÍO SEBOLITO,1,0.04
CASERÍO SANTA CECILIA,1,0.04
ALDEA SAN AGUSTÍN,1,0.04
BARRIO EL CENTRO SAN FERNANDO,1,0.04
ALDEA SAN AGUSTIN CHAHAL VIEJO,1,0.04
CALLE DEL CAMPO LOTE 287 BARRIO EL CENTRO,1,0.04
ALDEA BOLONCO,1,0.04
CENTRO URBANO UNO,1,0.04
CALLE PRINCIPAL DEL BARRIO EL CENTRO,1,0.04
1RA. CALLE 13-18 ZONA 2,1,0.04
ANTIGUA CASA CAMPESINA INTA ZONA 2,1,0.04
"ZONA 0, CALZADA ISRAEL 1",1,0.04
ALDEA SECHACTI,1,0.04
COMUNIDAD VISTA HERMOSA,1,0.04
ALDEA ARENAL II,1,0.04
ALDEA CHINACOBEHA,1,0.04
ALDEA CHAJMAIC,1,0.04
ALDEA SAN BENITO CALLE II,1,0.04
1A. CALLE 13-18 ZONA 2 FRAY BARTOLOME DE LAS CASAS,1,0.04
BARRIO MAGISTERIO,1,0.04
"BARRIO EL CALVARIO, ZONA 5",1,0.04
ALDEA JOLOMIJIXITO III,1,0.04
"ZONA 8, BARRIO EL RECREO",1,0.04
SANTA CATALINA LA TINTA,1,0.04
BARRIO CAMPO NUEVO ZONA 2,1,0.04
BARRIO CAMPO NUEVO,1,0.04
"BARRIO EL HOSPITAL, ZONA 1",1,0.04
BARRIO EL CRUCERO,1,0.04
ALDEA SALAC I,1,0.04
BARRIO EL CENTRO ZONA 1,1,0.04
ALDEA SAN JOSE EL TESORO,1,0.04
RAXRUHÁ,1,0.04
ALDEA RINCON GRANDE,1,0.04
ALDEA LA PAZ  2,1,0.04
ALDEA LAS VIGAS,1,0.04
ALDEA VAINILLAS,1,0.04
ALDEA RANCHO VIEJO,1,0.04
ALDEA PASO ANCHO,1,0.04
CASERÍO LA CEBADILLA,1,0.04
ALDEA EL MATILISGUATE,1,0.04
5A. AVE. 4-74 ZONA 1 BARRIO EL CENTRO,1,0.04
"DIAGONAL 4, 12-45 ZONA 5",1,0.04
13 AVE. 7-41 ZONA 2 BARRIO HACIENDA DE LA VIRGEN,1,0.04
CASERIO CERRO EL CARNERO,1,0.04
ALDEA SANTA INÉS CHIVAC II,1,0.04
"13 AVENIDA ""A"" 5-96, ZONA 5 BARRIO SANTA ELENA",1,0.04
ALDEA CANDELARIA LAS PALMAS,1,0.04
"CASERIO LA GARCÍA, ALDEA LAS LIMAS",1,0.04
ALDEA SANTA INES CHIVAC II,1,0.04
"CASERIO PLAN GRANDE, ALDEA LAS LIMAS",1,0.04
"CASERÍO SANTA BÁRBARA, ALDEA SANTA BÁRBARA EL CARNERO",1,0.04
"CASERIO CERRO EL CARNERO, ALDEA SANTA BARBARA EL CARNERO",1,0.04
ALDEA TEMPISQUE,1,0.04
"13 AVENIDA 7-41, ZONA 2, BARRIO HACIENDA DE LA VIRGEN",1,0.04
"CASERIO LA LIMA, ALDEA LAS CAÑAS",1,0.04
"CASERIO EL DIVISADERO, ALDEA EL NANCE",1,0.04
"CASERIO LOS ALGODONES, ALDEA LAS CAÑAS",1,0.04
"CASERIO EL AMATILLO, ALDEA LLANO GRANDE",1,0.04
"CASERÍO EL CAMALOTE, ALDEA LAS VIGAS",1,0.04
"CASERIO EL MANIADERO, ALDEA LAS VIGAS",1,0.04
CASERIO CORRAL DE PIEDRA ALDEA SAN ANTONIO EL SITIO,1,0.04
"5A. AVENIDA 6-35, ZONA 1, BARRIO AGUA CALIENTE",1,0.04
"RUTA 4, 12-68 ZONA 5, BARRIO SANTA ELENA",1,0.04
"RUTA 4, 12-68 ZONA 5 BARRIO SANTA ELENA",1,0.04
"SECTOR VALLE DEL SOL, BARRIO HACIENDA DE LA VIRGEN",1,0.04
"SECTOR VALLE DEL SOL, BARRIO HACIENDO DE LA VIRGEN",1,0.04
"12 AVENIDA A, 1-51, ZONA 6 BARRIO HACIENDA DE LA VIRGEN",1,0.04
"CASERÍO PLAN GRANDE, ALDEA LAS LIMAS",1,0.04
ALDEA SANTA BÁRBARA EL CARNERO,1,0.04
"4A. CALLE 1-29, ZONA 1",1,0.04
"SECTOR LAS TEJERAS, BARRIO EL CALVARIO",1,0.04
"10A. AVENIDA 3-96, BARRIO CENTRO, ZONA 1",1,0.04
"CASERÍO LA CEIBA, ALDEA LAS LIMAS",1,0.04
"CASERÍO EL BEJUCAL, ALDEA LAS CAÑAS",1,0.04
"16 AVENIDA 16-47 ZONA 6 COLONIA LAS BRISAS, BARRIO HACIENDA LA VIRGEN",1,0.04
BARRIO EL CALVARIO SECTOR MINERVA,1,0.04
"11 AVENIDA 1-99, ZONA 6 BARRIO HACIENDA DE LA VIRGEN",1,0.04
"16A. AVENIDA 16-47, ZONA 6 COLONIA LAS BRISAS, BARRIO HACIENDA  LA VIRGEN",1,0.04
"16A. AVENIDA 16-47, ZONA 6 COLONIA LAS BRISAS, BARRIO HACIENDA LA VIRGEN",1,0.04
"16A. AVENIDA 16-47, ZONA 6 COLONIA LAS BRISAS, BARRIO HACIENDA DE LA VIRGEN",1,0.04
11 AVENIDA 1-99 ZONA 6,1,0.04
"16 AVENIDA 16-47, ZONA 6, COLONIA LAS BRISAS, BARRIO HACIENDA DE LA VIRGEN",1,0.04
"11 AVENIDA 1-99, ZONA 6",1,0.04
"11AVENIDA 1-99, ZONA 6",1,0.04
"16 AVENIDA 16-47, ZONA 6 COLONIA LAS BRISAS, BARRIO HACIENDA LA VIRGEN",1,0.04
SANTA INES CHIVAC,1,0.04
ALDEA LOS ALGODONES,1,0.04
CASERIO ZAPOTILLO,1,0.04
"6A. AVENIDA 1-89 ZONA 4, BARRIO MINERVA",1,0.04
"CASERIO CHAVA, ALDEA LAS CAÑAS",1,0.04
ALDEA LAS CAÑAS,1,0.04
LA UNION BARRIOS,1,0.04
"CASERIO SAN JUAN BELLA VISTA, ALDEA LAS ANONAS",1,0.04
ALDEA  PASO ANCHO,1,0.04
"ALDEA SANTA BARBARA, EL CARNERO",1,0.04
INSTITUTO DE BAJA VERAPAZ 'EDECRI' (EDUC. ESP,1,0.04
6TA. AVENIDA 1-89 ZONA 4 BARRIO EL CALVARIO,1,0.04
"5A. AVENIDA 4-74, ZONA 1 BARRIO CENTRO",1,0.04
SANTA MARTA CHIBETZUL,1,0.04
"CASERIO LOS MAGUEYES, ALDEA LAS CUEVAS",1,0.04
"CASERIO LA COYOTERA, ALDEA EL CHAHUITE",1,0.04
CASERIO CANDELARIA LAS PALMAS,1,0.04
CASERIO SAN JOSE EL ESPINERO,1,0.04
12 AVE.  A  1-51 ZONA 6,1,0.04
COMUNIDAD JALAUTE HACIENDA,1,0.04
CASERIO LOS GARCIA ALDEA LAS LIMAS,1,0.04
CASERIO CORRAL DEL PIEDRA ALDEA SAN ANTONIO EL SITIO,1,0.04
ALDEA EL CHOL,1,0.04
ALDEA SAN JOSE EL ESPINERO,1,0.04
BARRIO HACIENDA LA VIRGEN,1,0.04
"CASERIO LA COYOTERA, ALDEA EL CHAGUITE",1,0.04
BARRIO LOS LEONES ALDEA EL TEMPISQUE,1,0.04
RUTA 4 12-68 ZONA 5 BARRIO SANTA ELENA,1,0.04
"RUTA 2 3-98 ZONA 5, BARRIO SANTA ELENA",1,0.04
RUTA 2 ZONA 5 BARRIO LAS PIEDRECITAS,1,0.04
5A. AVE. 6-31 ZONA 1,1,0.04
"CASERIO EL ESTORAQUE, ALDEA LA PAZ II",1,0.04
SALAMA,1,0.04
ALDEA LA PAZ CHOCOJA NO.1,1,0.04
ALDEA SANTA BARBARA EL CARNERO,1,0.04
10AV. 1-34 ZONA 6 BARRIO HACIENDA DE LA VIRGEN,1,0.04
CASERIO LAGUNIAS,1,0.04
CASERIO EL MANIADERO,1,0.04
CASERIO EL CUJE ALDEA LOS PAXTES,1,0.04
CASERIO LA LIMA ALDEA LAS CAÑAS,1,0.04
CASERIO EL ANONO ALDEA CHIVAC,1,0.04
CASERIO LOS CORRALITOS ALDEA EL RODEO,1,0.04
"2DA AVENIDA 6-89 ZONA 1, INTERIOR VILLA DEPORTIVA",1,0.04
CASAERIO LAS VEGUITAS ALDEA CHAGUITE,1,0.04
CASERIO EL ESTORAQUE,1,0.04
"CASERIO CORRALITOS, ALDEA EL RODEO",1,0.04
5AV. 6-31 ZONA 1,1,0.04
DIAGONAL 4 12-48 ZONA 5,1,0.04
CASERIO CAMALOTE ALDEA LAS VIGAS,1,0.04
ALDEA LA PAZ 2,1,0.04
CASERIO LA VEGA ALDEA EL NANCE,1,0.04
"CASERIO CORRAL DE PIEDRA, ALDEA SAN ANTONIO EL SITIO",1,0.04
COMUNIDAD LAGUNILLA,1,0.04
COMUNIDAD LA VEGA,1,0.04
COMUNIDAD EL MANIADERO,1,0.04
COMUNIDAD EL CUJE,1,0.04
CASERIO LOS MAGUEYES ALDEA LAS CUEVAS,1,0.04
CASERIO EL AMATILLO ALDEA LLANO GRANDE,1,0.04
CASERIO SANTA BARBARA,1,0.04
CASERÍO CHOPÉN,1,0.04
CASERÍO SANTA RITA NORTE,1,0.04
"CASERÍO LOS ENCUENTROS, ALDEA SAN FRANCISCO",1,0.04
"CASERÍO LAS VEGAS, SAN RAFAEL",1,0.04
CASERIO SAN JOSE CHICOJOM,1,0.04
CASERIO PACHALUM,1,0.04
CASERÍO EL TEMPISQUE,1,0.04
"CASERIO BUENA VISTA, ALDEA SAN FRANCISCO",1,0.04
CASERIO SAN AGUSTIN,1,0.04
"BARRIO SAN JUAN, ALDEA SAN GABRIEL PANTZUJ",1,0.04
CASERIO EL TEMPISQUE II,1,0.04
ALDEA RINCÓN DE JESÚS,1,0.04
ALDEA SANTA RITA CHICHOLON,1,0.04
CASERIO CAMALMAPA I,1,0.04
CASERÍO CAMALMAPA,1,0.04
CASERIO TEMPISQUE,1,0.04
CANTÓN CHOPEN,1,0.04
CASERÍO CHICOJOM,1,0.04
CASERÍO EL JUTE,1,0.04
CALZADA 15 DE SEPTIEMBRE,1,0.04
"CASERÍO BUENA VISTA, ALDEA SAN FRANCISCO",1,0.04
CASERIO BUENA VISTA ALDEA SAN FRANCISCO,1,0.04
CASERIO LAS VEGAS SAN RAFAEL,1,0.04
ALDEA PROGRESO,1,0.04
CASERIO JAVILLAL Y BRAMADERO,1,0.04
CASERIO CAMALMAPA II ALDEA SAN FRANCISCO,1,0.04
CASERIO CHICHON NORTE,1,0.04
ALDEA ACTELA,1,0.04
CASERÍO TEMPISQUE,1,0.04
CASERIO LAS VEGAS ALDEA SAN RAFAEL,1,0.04
2A. CALLE FINAL BARRIO AGUA CALIENTE 3,1,0.04
CASERÍO LA LAGUNA,1,0.04
FRENTE AL CAMPO DE AVIACION ZONA 2,1,0.04
"CASERÍO EL PALMAR, ALDEA CHIRRUM",1,0.04
"CASERÍO CHUAK'UN, ALDEA XOCOC",1,0.04
CASERÍO XECAMBÁ,1,0.04
2A. CALLE Y 4A. AVENIDA ZONA 3 FRENTE AL CAMPO DE AVIACIÓN,1,0.04
"CASERIO PIEDRA DE CAL, ALDEA SAN RAFAEL",1,0.04
"CASERIO QUEBRADA HONDA, ALDEA SAN LUIS",1,0.04
"CASERIO CHUAK UN, ALDEA XOCOC",1,0.04
"2A. AVE. Y 3A. CALLE,  ZONA 3 BARRIO SAN SEBASTIAN",1,0.04
ALDEA CHUATEGUÁ PARTE BAJA,1,0.04
COLONIA LA LADRILLERA,1,0.04
"CASERÍO PIEDRA DE CAL, ALDEA SAN RAFAEL",1,0.04
3RA. CALLE 5-41 ZONA 2,1,0.04
"CASERÍO PLAN DE SANCHEZ, ALDEA RAXJUT",1,0.04
"2A. AVENIDA Y 2A. CALLE, ZONA 3",1,0.04
"BARRIO SAN PEDRO APÓSTOL 3A. CALLE 1-77, ZONA 1",1,0.04
2A. AV. 1-08 ZONA 1,1,0.04
"1A. AVENIDA Y 2A. CALLE, ZONA 4",1,0.04
"2A. AVE. Y 3A. CALLE, ESQUINA ZONA 4 BARRIO SAN PEDRO MÁRTIR",1,0.04
"2A. AVENIDA Y 3A. CALLE, ZONA 3 BARRIO SAN SEBASTIAN",1,0.04
3A. AV. Y 2A. CALLE 1-53 ZONA 3 RABINAL,1,0.04
2 AVENIDA 1-08 ZONA 1,1,0.04
3A. AVE. 1-53 ZONA 3,1,0.04
"2A. CALLE Y 4A. AVENIDA ZONA 3, FRENTE AL CAMPO DE AVIACION",1,0.04
2A. AVENIDA 1-08 ZONA 1,1,0.04
3A. AVENIDA 1-55 ZONA 3,1,0.04
"4A. AVENIDA ENTRE 3A. Y 4A. CALLE, ZONA 2",1,0.04
"CASERÍO LAS DELICIAS, ALDEA SAN RAFAEL",1,0.04
"CASERÍO TOLOXCOC, ALDEA CHIRRUM",1,0.04
"CASERÍO CHITUCAN, ALDEA NIMACABAJ",1,0.04
1A. CALLE Y 3A. AVE. ZONA 1,1,0.04
"1A. CALLE Y 3A. AVENIDA, ZONA 1",1,0.04
CASERIO CHITUCAN ALDEA NIMACABAJ,1,0.04
CENTRO DE FORMACION DE ARTESANOS,1,0.04
3A CALLE 2-87 ZONA 2,1,0.04
"ALDEA DEL VOLCAN, SANTO DOMINGO",1,0.04
"FRENTE AL CAMPO DE AVIACION, ZONA 2",1,0.04
CASERIO CUMBRE EL DURAZNO,1,0.04
CASERIO EL PALMAR,1,0.04
CHITICOY,1,0.04
CASERIO PACHALUM II,1,0.04
XOCOC,1,0.04
CASERIO PALIMONIX,1,0.04
CASERIO QUEBRADA HONDA ALDEA SAN LUIS,1,0.04
ALDEA CHIRRUN,1,0.04
"BARRIO SAN SEBASTIAN, 3A. CALLE FINAL ZONA 3",1,0.04
"2A. CALLE Y 5A. AVENIDA , ZONA 4",1,0.04
2A. AVENIDA Y 3RA. CALLE ZONA 3,1,0.04
CASERÍO PLAN DE SÁNCHEZ,1,0.04
CASERIO EL PALMAR ALDEA CHIRRUM,1,0.04
CASERIO CUMBRE DEL DURAZNO ALDEA RAXJUT,1,0.04
2A. AVENIDA Y 2DA. CALLE ZONA 3,1,0.04
5A. AVENIDA 5-71 ZONA 1 BARRIO SAN PEDRO APÓSTOL,1,0.04
ALDEA VEGA DEL VOLCAN SANTO DOMINGO,1,0.04
3A. CALLE 2-87 ZONA 2,1,0.04
1A. CALLE 7-91 ZONA 2,1,0.04
"3A. CALLE 1-77, ZONA 1",1,0.04
CASERIO CONCULITO ALDEA CONCUL,1,0.04
1A. CALLE 7-118 ZONA 1,1,0.04
CASERIO QUEBRADA SECA ALDEA SAN LUIS,1,0.04
CASERIO SANTA RITA ALDEA CANCHEL,1,0.04
CASERIO QUEBRADA HONDA,1,0.04
"CASERIO TUNCAJ, ALDEA SAN JOSE EL RODEO",1,0.04
CASERIO CHUAPICHIXP,1,0.04
CASERIO CHUACHIYAC ALDEA CHOVEN,1,0.04
"CASERIO XEUL, ALDEA LOS PAJALES",1,0.04
CASERIO EL LLANO ALDEA SANTA ROSA,1,0.04
"CASERIO PIEDRA DE CAL, ALDEA LA LAGUNA",1,0.04
CASERIO CHISANTIAGO ALDEA LA LAGUNA,1,0.04
CASERIO XINACATI ALDEA LAS VEGAS,1,0.04
CASERIO PATUY ALDEA CHITAC,1,0.04
"CASERIO CHUABAJ, ALDEA GUATZILEP",1,0.04
CASERIO CHUACHIYAC ALDEA SANTA ROSA,1,0.04
"CASERÍO CHIPOROTEY, ALDEA PATZIJÓN",1,0.04
"CASERÍO PICHAL, ALDEA LOS PAJALES",1,0.04
"CASERIO PACANÍ, ALDEA LAS VEGAS",1,0.04
"CASERÍO VEGA GRANDE, ALDEA ALIBALABAJ",1,0.04
"CASERÍO COXOJABAJ, ALDEA PATZOCOM",1,0.04
"CASERÍO CHUACHIYAC, ALDEA SANTA ROSA",1,0.04
"CASERÍO RANCHO DE TEJA, ALDEA EL CEBOLLAL",1,0.04
"CASERÍO CHICOCOX, ALDEA XINACATÍ",1,0.04
"CASERÍO PALOCHUY XOLAIJ, ALDEA GUATZILEP",1,0.04
"CASERÍO XEUL CANCHEL, ALDEA CANCHEL",1,0.04
"CASERÍO XEMES, ALDEA SANTA ROSA",1,0.04
"COMUNIDAD SAN FRANCISCO, CASERÍO EL CHUP, ALDEA PATZOCOM",1,0.04
"CASERÍO CHUAPICHIXP, ALDEA GUATZILEP",1,0.04
"CASERIO LA LAGUNA, ALDEA PACHOJOP",1,0.04
CASERIO LOS ENCUENTROS ALDEA EL CEBOLLAL,1,0.04
"CASERÍO CUMBRE DE PALÁ, ALDEA TRES CRUCES",1,0.04
CASERIO EL LIMAR ALDEA CANCHEL,1,0.04
CASERIO LAS JOYAS ALDEA EL CEBOLLAL,1,0.04
"CASERÍO CHOVEN, ALDEA SANTA ROSA",1,0.04
"CASERÍO SACAQUEJ I, ALDEA TRES CRUCES",1,0.04
"CASERÍO XEYOCH, ALDEA SANTA ROSA",1,0.04
"CASERIO PAPOP CHITANIL, ALDEA PATZIJON",1,0.04
"CASERÍO CHITOCOY, ALDEA PATZIJÓN",1,0.04
"CASERÍO LOS ENCUENTROS II, ALDEA EL CEBOLLAL",1,0.04
CASERIO PAPOC CHITANIL. ALDEA PATZIJON,1,0.04
CASERIO CHITOCOY ALDEA PATZIJON,1,0.04
"CASERÍO CHUACARLIC, ALDEA PATZOCOM",1,0.04
CASERIO CHIRRUMAN,1,0.04
"CASERIO EL LLANO, ALDEA SANTA ROSA",1,0.04
"CASERIO CIMIENTOS CAMPO SANTO, ALDEA PACHOJOP",1,0.04
"CASERÍO EL CHAPOTE, ALDEA EL CEBOLLAL",1,0.04
"CASERÍO MALENA, ALDEA LA LAGUNA",1,0.04
CASERIO XICANATI LI ALDEA LOS PAJALES,1,0.04
CASERIO CHUAPICHIXP ALDEA GUATZILEP,1,0.04
CASERIO COXOJABAJ ALDEA PATZOCON,1,0.04
CASERIO CHOVEN ALDEA SANTA ROSA,1,0.04
"CASERIO CHIUL, ALDEA LA LAGUNA",1,0.04
CASERIO TALTIC PASUBIR ALDEA CANCHEL,1,0.04
"CASERIO XINACATÍ I,  ALDEA LAS VEGAS",1,0.04
"CASERIO EL CHUP, ALDEA PATZOCON",1,0.04
"CASERIO QUEBRADA HONDA, ALDEA CANCHEL",1,0.04
"REASENTAMIENTO CHICRUZ, COLONIA EL NARANJO",1,0.04
CASERIO TUNCAJ ALDEA SAN JOSE EL RODEO,1,0.04
"CASERIO SANTA RITA, ALDEA CANCHEL",1,0.04
"CASERIO TURBALA, ALDEA GUATZILEP",1,0.04
"CASERIO LOS ENCUENTROS, ALDEA EL CEBOLLAL",1,0.04
"CASERIO LA ESTANCIA, ALDEA LA LAGUNA",1,0.04
"CASERIO PAPOP CHITANIL,ALDEA PATZIJON",1,0.04
"CASERIO LOS PLANCITOS, ALDEA EL CEBOLLAL",1,0.04
CASERIO SAN JUAN LAS VEGAS,1,0.04
"CASERIO CHITANIL, ALDEA EL PATZIJON",1,0.04
"CASERÍO CHUACHACUXÁ, ALDEA PATZIJÓN",1,0.04
"CASERÍO PATZULUP, ALDEA LOS PAJALES",1,0.04
CASERIO PIEDRAS BLANCAS ALDEA ALIBALABAJ,1,0.04
ALDEA ALIBALABAJ,1,0.04
"CASERIO PATUY, ALDEA CHITAC",1,0.04
"CASERÍO TUPAL, ALDEA EL CEBOLLAL",1,0.04
"CASERIO PAMISCALCHE, ALDEA LA LAGUNA",1,0.04
"CASERIO CHUACHACUXA, ALDEA PATZIJON",1,0.04
"CASERÍO CHUACHACALTE I, ALDEA TRES CRUCES",1,0.04
"CASERÍO CHISANTIAGO, ALDEA LA LAGUNA",1,0.04
"CASERIO PATZULUP, ALDEA LOS PAJALES",1,0.04
"CASERÍO XIBALBÁ, ALDEA TRES CRUCES",1,0.04
"CASERIO PACOXOM, ALDEA SANTA ROSA",1,0.04
"CASERÍO PORTEZUELO HONDO, ALDEA EL CEBOLLAL",1,0.04
"CASERÍO PARAXAJ, ALDEA LA LAGUNA",1,0.04
"CASERIO KORAL AB AJ, ALDEA CHITICOY",1,0.04
"CASERIO EL LLANO, ALDEA SANTA ROSA,",1,0.04
"CASERIO EL LAUREL, ALDEA SANTA ROSA",1,0.04
"CASERIO EL PEÑASCO, ALDEA PACHOJOP",1,0.04
"CASERÍO PARAXCHE, ALDEA LA LAGUNA",1,0.04
"CASERÍO PAPAYAL, ALDEA PATZIJÓN",1,0.04
"CANTÓN TIERRA BLANCA, ALDEA ALIBALABAJ",1,0.04
"CASERÍO PARAJIUP, ALDEA LOS PAJALES",1,0.04
"CASERÍO PATUY, ALDEA LOS PAJALES",1,0.04
"CANTÓN CHUAJOLÓM, ALDEA PACHOJOP",1,0.04
"CANTÓN LOMA BONITA RABINALÁ, ALDEA EL CEBOLLAL",1,0.04
"CASERÍO XUAXAN, ALDEA LOS PAJALES",1,0.04
"CASERÍO PUEBLO VIEJO, ALDEA LOS PAJALES",1,0.04
"CASERÍO GUAYNEP, ALDEA LOS PAJALES",1,0.04
"CANTÓN CHWACRUZ, CASERÍO PATIT, ALDEA PATZIJÓN",1,0.04
"CASERÍO TURBALÁ, ALDEA PATZIJÓN",1,0.04
ALDEA SAN JOSÉ EL RODEO,1,0.04
"CASERÍO CHICUXTÍN, ALDEA LAS VEGAS",1,0.04
"CANTÓN LAS ANONAS, ALDEA SANTA ROSA",1,0.04
"CASERÍO LACANDÓN, ALDEA PATZOCON",1,0.04
"CASERIO CHUIPAPOP, ALDEA LA LAGUNA",1,0.04
"CASERIO CHIUL, LA LAGUNA",1,0.04
"CASERIO XIBALBA, ALDEA TRES CRUCES",1,0.04
"CASERIO SANTO DOMINGO, ALDEA CANCHEL",1,0.04
"CASERIO PATIT, ALDEA PATZIJON",1,0.04
"CASERÍO XEUL PAJALES, ALDEA LOS PAJALES",1,0.04
"CASERIO CHISANTIAGO, ALDEA LA LAGUNA",1,0.04
CASERIO XUN,1,0.04
CASERIO SAN JUAN PACHALI,1,0.04
CASERIO EL CHAPOTE,1,0.04
CASERIO CHITAC,1,0.04
CASERIO SANTA RITA,1,0.04
CUBULCO,1,0.04
"CASERIO LA LAGUNA, ALDEA PATZIJON",1,0.04
"CASERIO PAMISCALCHE,ALDEA LA LAGUNA",1,0.04
"CASERÍO XINACATÍ II, ALDEA LOS PAJALES",1,0.04
CASERIO PORTEZUELO HONDO ALDEA EL CEBOLLAL,1,0.04
ALDEA CHIVAQUITO,1,0.04
ALDEA TALTIC PASUBIR,1,0.04
CASERIO PAMISCALCHE,1,0.04
"CASERIO TALTIC PASUBIR, ALDEA CANCHEL",1,0.04
CASERIO CHIUL,1,0.04
CASERIO LLANO EL PINO,1,0.04
CASERIO PACHIJUL ALDEA LOS PAJALES,1,0.04
CASERIO CHIHUESA ALDEA GUATZILEP,1,0.04
CASERIO GUAYNEP ALDEA LOS PAJALES,1,0.04
CASERIO CUMBRE CRUZ DE LOS YAGUALES ALDEA SATUN,1,0.04
CASERIO PICHAL ALDEA PAJALES,1,0.04
"CASERIO GUAYNEP, ALDEA LOS PAJALES",1,0.04
"CASERIO CHIPOROTEY, ALDEA PATZIJON",1,0.04
"CASERIO PACANI, ALDEA XINACATI",1,0.04
"CASERIO CHICHO SUTUN, ALDEA SUTUN",1,0.04
"CASERIO CHUACHIYAC, ALDEA CHOVEN",1,0.04
CASERIO CHISANTIAGO,1,0.04
CASERIO PAHUESA ALDEA PATZIJOM,1,0.04
"CASERIO XEUL, ALDEA CANCHEL",1,0.04
CASERIO XEMES,1,0.04
CASERIO RANCHO DE TEJA ALDEA EL CEBOLLAL,1,0.04
"CASERIO TALTIC, ALDEA CANCHEL",1,0.04
CASERIO SAN JUAN PACHALI BARRIO SAN JUAN,1,0.04
BARRIO SAN JUAN PACHALI,1,0.04
CASERIO VEGA GRANDE ALDEA PIEDRAS BLANCAS PATZIJON,1,0.04
CASERIO RABINALA ALDEA ALIBALABAJ,1,0.04
CASERIO TUPAL ALDEA EL CEBOLLAL,1,0.04
CASERIO HIERVA BUENA ALDEA SAN JOSE EL RODEO,1,0.04
CASERIO PIEDRA BLANCA,1,0.04
CASERIO SACAQUEJ II,1,0.04
CASERIO LA PINADA,1,0.04
CASERIO PASIGUAN,1,0.04
"CASERÍO CHICUXTIN, ALDEA LAS VEGAS",1,0.04
"CASERIO CHOVEN, ALDEA SANTA ROSA",1,0.04
"CASERIO CERRO XUN, ALDEA LA LAGUNA",1,0.04
SAN RAFAEL CHILASCO,1,0.04
CASERIO LA ESTANCIA ALDEA LA LAGUNA,1,0.04
CASERIO PORTESUELO ALDEA EL VOLCANCILLO,1,0.04
CASERIO PORTEZUELO ALDEA EL VOLCANCILLO,1,0.04
CASERIO NUEVA ESPERANZA ALDEA EL CEBOLLAL,1,0.04
CASERIO EL SITIO QUEBRADA HONDA ALDEA CANCHEL,1,0.04
CASERIO TZAMILEP ALDEA PATZIJON,1,0.04
CASERIO EL RODEO ALDEA LAS VEGAS,1,0.04
CASERIO LA LAGUNA ALDEA PACHOJOP,1,0.04
CASERIO SANTA RITA PASAAU ALDEA CANCHEL,1,0.04
CASERIO MALENA ALDEA LA LAGUNA,1,0.04
CASERIO CHICHO SATUN,1,0.04
"CASERIO PALOCHUY XOLAIJ, ALDEA GUATZILEP",1,0.04
CASERIO PAHUESA,1,0.04
CASERIO CHIUESA,1,0.04
CASERIO CHUABAJ ALDEA GUACILEP,1,0.04
CASERIO TALTIC ALDEA CANCHEL,1,0.04
"CASERÍO CHUACHACUXÁ, ALDEA PATZIJON",1,0.04
CASERIO CHUACHACALTE II ALDEA PATZIJOM,1,0.04
CASERIO CIMIENTOS CAMPOSANTO ALDEA SANTA ROSA,1,0.04
CASERIO LACANDON ALDEA PATZOCON,1,0.04
CASERIO LA VEGA GRANDE ALDEA PIEDRA BLANCA PATZIJON,1,0.04
CASERIO CHICHAC,1,0.04
CASERIO CHUIPAPOP ALDEA LA LAGUNA,1,0.04
CASERIO TZAMILEP ALDEA PATZIJOM,1,0.04
CASERIO LA LAGUNA ALDEA PATZIJON,1,0.04
CASERIO PATABAL ALDEA CHIMACHO,1,0.04
CASERIO XIBALBA ALDEA TRES CRUCES,1,0.04
CASERIO TALTIC PASUBIR LA RINCONADA ALDEA CANCHEL,1,0.04
CASERIO PAMISCALCHE ALDEA LA LAGUNA,1,0.04
"CASERIO CHIVAQUITO, ALDEA LOS PAJALES",1,0.04
"CASERIO CHITANIL, ALDEA PATZIJON",1,0.04
"CASERIO TURBALÁ, ALDEA GUATZILEP",1,0.04
CASERIO PATZULUP ALDEA LOS PAJALES,1,0.04
"CASERÍO LO DE GÓMEZ, ALDEA IXCHEL",1,0.04
"CASERIO AGUA TIBIA, ALDEA AGUA CALIENTE",1,0.04
"CASERIO SAN ANTONIO, ALDEA GUAPINOL",1,0.04
"CASERÍO CABRERA SECTOR II, ALDEA IXCHEL",1,0.04
"CASERIO LAS GRANADILLAS, ALDEA IXCHEL",1,0.04
"CASERÍO MATACABALLOS, ALDEA LLANO GRANDE",1,0.04
"CASERÍO EL MANZANOTE SECTOR II, ALDEA SALTÁN",1,0.04
"CASERÍO VISTA HERMOSA, ALDEA SALTÁN",1,0.04
CASERIO LAS GRANADILLAS ALDEA IXCHEL,1,0.04
"CASERÍO SAN JOSÉ LOS ENCUENTROS, ALDEA SUCHICUL",1,0.04
"CASERÍO RANCHO DE TEJA, ALDEA SALTÁN",1,0.04
"CASERÍO RANCHO VIEJO, ALDEA SALTÁN",1,0.04
CASERIO OJOS DE AGUA ALDEA SALTAN,1,0.04
CASERÍO EL PASTOR. ALDEA IXCHEL,1,0.04
CASERIO EL MANZANOTE SECTOR II,1,0.04
"CASERIO CABRERA SECTOR II, ALDEA IXCHEL",1,0.04
ALDEA SALTAN,1,0.04
"CASERÍO SECTOR II LO DE GOMEZ, ALDEA IXCHEL",1,0.04
"BARRIO EL CENTRO, ALDEA SALTÁN",1,0.04
ALDEA ORATORIO,1,0.04
CASERIO EL COLMENAR,1,0.04
"CASERIO OJOS DE AGUA, ALDEA SALTÁN",1,0.04
"SAN RAFAEL RANCHO DE TEJA, ALDEA SALTAN",1,0.04
"CASERIO EL MANZANOTE, ALDEA SALTAN",1,0.04
"CASERIO RANCHO VIEJO, ALDEA SALTÁN",1,0.04
"CASERIO BUEN RETIRO, ALDEA DE SALTAN",1,0.04
CASERÍO LAS ANIMAS,1,0.04
CASERÍO EL CHUPADERO,1,0.04
ALDEA IXCHEL GRANADOS,1,0.04
CASERÍO SAN VICENTE,1,0.04
"CASERIO PAMACAL, ALDEA IXCHEL",1,0.04
CASERIO LO DE GOMEZ Y CABRERA,1,0.04
"CASERIO EL TABLON, FINCA LA UNI¢N",1,0.04
CASERIO EL TOCOLLITO ALDEA SAN JOSE SUCHICUL,1,0.04
"CASERIO LO DE GOMEZ, ALDEA IXCHEL",1,0.04
"CASERIO JOYA DE AL VEGA, ALDEA SALTAN",1,0.04
ALDEA EL SACRAMENTO,1,0.04
"CASERIO BUEN RETIRO, ALDEA SALTAN",1,0.04
COMUNIDAD SAN JOSE SUCHICUL,1,0.04
CASERIO LA VEGA DEL MUERTO,1,0.04
CASERIO PIEDRA PARADA ALDEA ORATORIO,1,0.04
CASERIO LOS LIMONES ALDEA EL ORATORIO,1,0.04
CASERIO AGUA TIBIA ALDEA AGUA CALIENTE,1,0.04
CASERIO SAN ANTONIO GUAPINOL,1,0.04
CASERIO EL AVIADERO ALDEA SALTAN,1,0.04
"CASERÍO LAS VEGAS DE COTÓN, ALDEA SALTÁN",1,0.04
"CASERÍO PAMACAL, ALDEA IXCHEL",1,0.04
CASERIO EL PASTOR ALDEA IXCHEL,1,0.04
CASERIO TOCOYITO ALDEA SAN JOSE SUCHICUL,1,0.04
CASERIO LA JOYA DE LA VEGA ALDEA SALTAN,1,0.04
CASERIO EL MANZANOTE ALDEA SALTAN,1,0.04
"CASERIO PIEDRA PARADA CASERÍO PIEDRA PARADA, ALDEA EL ORATORIO",1,0.04
CASERIO SAN JSOE LOS ENCUENTROS ALDEA SUCHICUL,1,0.04
CASERIO VEGAS DE COTON,1,0.04
"CASERÍO TOCOLLITO, ALDEA SAN JOSE SUCHICUL",1,0.04
"CASERÍO LOS LIMONES, ALDEA EL ORATORIO",1,0.04
CASERIO EL CHUPADERO,1,0.04
CASERÍO EL COLMENAR,1,0.04
CASERIO CABRERA SECTOR II ALDEA IXCHEL,1,0.04
"CASERÍO EL MANZANOTE, ALDEA SALTÁN",1,0.04
CASERIO VEGA DEL MUERTO ALDEA SALTAN,1,0.04
"CASERÍO EL POTRERO, SAN FELIPE Y EL CALVARIO",1,0.04
BARRIO EL TAMARINDO,1,0.04
"CASERIO SAN ISIDRO, ALDEA LA CONCEPCION",1,0.04
EL CHOL,1,0.04
BARRIO EL CAMPAMENTO,1,0.04
ALDEA EL APAZOTE,1,0.04
"CASERIO RANCHO SENTADO, ALDEA LOS JOBOS",1,0.04
"CASERIO LOS LIMONES, ALDEA LOS LOCHUYES",1,0.04
"CASERIO BALAMCHE,ALDEA AGUA CALIENTE",1,0.04
"CASERIO SAN FRANCISCO, ALDEA LOS AMATES",1,0.04
CASERIO CHUMUMÚS,1,0.04
CASERIO BALAMCHE,1,0.04
"CASERIO BALANCHE, ALDEA AGUA CALIENTE",1,0.04
CASERIO PEÑASCO,1,0.04
SANTA CRUZ EL CHOL,1,0.04
CASERIO SAN FRANCISCO ALDEA LOS AMATES,1,0.04
"CASERIO EL POTRERO, SAN FELIPE Y EL CALVARIO",1,0.04
CASERIO LA CIENAGA DE LA ALDEA LOS LOCHUYES,1,0.04
ALDEA TRAPICHE VIEJO,1,0.04
CASERIO CHUMUMUS,1,0.04
"CASERIO LA CIENAGA, ALDEA LOS AMATES",1,0.04
CASERIO LOS LIMONES,1,0.04
CASERIO EL PLATANAR,1,0.04
CASERIO RANCHO SENTADO ALDEA LOS JOBOS,1,0.04
CASERIO LA CIENAGA ALDEA LOS LOCHUYES,1,0.04
"CASERÍO EL CASTAÑO, ALDEA EL JÍCARO",1,0.04
"CASERÍO LOS CERRITOS, ALDEA EL JÍCARO",1,0.04
"CASERÍO EL DURAZNO II, ALDEA EL JÍCARO",1,0.04
CASERIO CAÑAS VIEJAS,1,0.04
"CALLE LOS CIPRESES 1-46, BARRIO ABAJO",1,0.04
"CALLE LOS CIPRESES, 1-46, BARRIO ABAJO",1,0.04
"CASERÍO SANTA ELENA, ALDEA VEGA DEL CHILE",1,0.04
CASERÍO EL HORNITO,1,0.04
KILÓMETRO 144 RN-17 ALDEA SIBABAJ,1,0.04
"CASERIO LOS ENCUENTROS, ALDEA EL JÍCARO",1,0.04
"CASERIO EL CERRÓN, ALDEA EL JÍCARO",1,0.04
"CASERIO EL DURAZNO II, ALDEA EL JICARO",1,0.04
CASERIO LA CUMBRE SANTA ELENA ALDEA EL JICARO,1,0.04
SAN JERONIMO,1,0.04
CASERIO LOS PLANES,1,0.04
"CASERIO LA CUMBRE SANTA ELENA,ALDEA EL JICARO",1,0.04
"CASERÍO EL CERRÓN, ALDEA EL JÍCARO",1,0.04
"CASERÍO LOS ENCUENTROS, ALDEA EL JÍCARO",1,0.04
ALDEA EL JÍCARO,1,0.04
CASERIO LA RONDA SACHUT,1,0.04
CASERÍO PARRACHOCH II,1,0.04
CASERÍO EL REPOLLAL II,1,0.04
CASERÍO SANTA LUISA PANCALA,1,0.04
CASERÍO CEMENTERIO PANCHISIVIC,1,0.04
CASERÍO CUMBRE CHACALTÉ JABALÍ,1,0.04
CASERÍO CUCHILLA DEL NOGAL,1,0.04
CASERÍO LA LIBERTAD PAMPA,1,0.04
CASERÍO BELLA VISTA SACHUT,1,0.04
CASERÍO RINCÓN DEL QUETZAL,1,0.04
CASERÍO CUCHILLA JALANTE,1,0.04
CASERÍO MATUCUY II,1,0.04
ALDEA RIBACÓ,1,0.04
CASERIO RIO NUEVO CHANTELITO,1,0.04
CASERIO SALIJA,1,0.04
CASERIO CENTRO WESTFALIA SECTOR II,1,0.04
"CASERIO LA ESPERANZA, ALDEA MONTE BLANCO",1,0.04
CASERIO CEMENTERIO PANCHISIVIC,1,0.04
"CASERIO EL JUTE, ALDEA COLA DEL MICO",1,0.04
CASERIO EL PORTEZUELO,1,0.04
CASERIO LA NUEVA ESPERANZA EL CEMENTERIO,1,0.04
CASERIO LA CAOBA PANCHISIVIC,1,0.04
ALDEA PARRACHOCH,1,0.04
COMUNIDAD PANCHISIVIC,1,0.04
CASERIO EL CARMEN VILLA NUEVA JALAUTE,1,0.04
CASERÍO CABSIBIJ,1,0.04
CASERIO JALAUTE SECTOR NORTE,1,0.04
CASERÍO CUMBRE DEL CARPINTERO,1,0.04
CASERÍO CENTRO WESTFALIA,1,0.04
CASERÍO MONJAS PANIMAQUITO,1,0.04
CASERÍO BETANIA,1,0.04
CASERIO SANTA ELENA PANZAL,1,0.04
COMUNIDAD NUEVA JINAYA,1,0.04
CASERÍO MULULHÁ,1,0.04
"CASERÍO XALITZUUL, MONTE BLANCO",1,0.04
CASERÍO SAN JOSÉ HELVETIA,1,0.04
CASERÍO NUEVA SAN RAFAEL,1,0.04
CASERÍO CRUCERO WESTFALIA,1,0.04
CASERIO CAMELIA PANZAL,1,0.04
CASERIO SANTO DOMINGO RIO BLANCO,1,0.04
CASERÍO CONCEPCIÓN EL ESPINERO,1,0.04
CASERÍO SAN ANTONIO LIQUIDAMBAR,1,0.04
ALDEA MONJÓN PANIMÁ,1,0.04
CASERÍO PANZAL JALAUTÉ,1,0.04
CASERÍO CONCEPCIÓN PANCHISIVIC,1,0.04
CASERÍO CAMPO NUEVO CHICOY,1,0.04
BARRIO LA CRUZ I,1,0.04
CASERIO CENTRO PANCHISIVIC,1,0.04
CASERÍO CIVIJÁ SECTOR I,1,0.04
CASERÍO RINCÓN NUEVA JERUSALEN,1,0.04
CASERÍO PORTEZUELO,1,0.04
CASERÍO VISTA HERMOSA,1,0.04
CASERÍO SAN LUIS PANIMÁ,1,0.04
CASERÍO EL ROSARIO PANZAL,1,0.04
CASERÍO CANAÁN RIBACÓ,1,0.04
CASERÍO EL PACAYAL,1,0.04
CASERÍO NUEVO JINAYÁ,1,0.04
CASERÍO EL CARMEN VILLA NUEVA JALAUTÉ,1,0.04
CASERÍO SANTO DOMINGO RÍO BLANCO,1,0.04
CASERÍO SAN ANTONIO LA PINADA,1,0.04
CASERÍO RINCÓN NUEVA JERUSALÉN,1,0.04
CASERÍO MOXANTÉ,1,0.04
CASERÍO XEJBAL MONTE BLANCO,1,0.04
CASERÍO SACSAMANÍ PANALBARDA,1,0.04
FINCA PARTICULAR PAMPA'PURULHA,1,0.04
"BARRIO EL CENTRO, PURULHA.",1,0.04
FINCA PAMPA,1,0.04
CASERIO EL REPOLLAL I,1,0.04
ALDEA PANIMA,1,0.04
CASERÍO SECHINAHÁ,1,0.04
CASERÍO EL JUTE I,1,0.04
CASERIO EL JUTE,1,0.04
CASERIO PANTIN ALDEA PANIMA,1,0.04
ALDEA PANIMÁ,1,0.04
COMUNIDAD SACSAMANI PANALBARDA,1,0.04
ALDEA VEGA LARGA I,1,0.04
ALDEA SINAJA,1,0.04
ALDEA MONTE BLANCO II,1,0.04
CASERIO XOMBOL,1,0.04
CASERIO VEGA II,1,0.04
"CASERIO CHACALTE JABALI, ALDEA CUMBRE",1,0.04
CASERIO PANCHISIVIC,1,0.04
CASERIO EL CARMEN,1,0.04
CASERIO PARRACHOC II,1,0.04
CASERIO CONCEPCION EL ESPINERO,1,0.04
CASERIO CEMENTERIO PANCHISIUIC,1,0.04
ALDEA CUMBRE CHACALTE JABALI,1,0.04
CASERIO COOPERATIVA CUMBRE SACSAMAMI,1,0.04
CASERIO EL DURAZNO,1,0.04
FINCA CHEJEL,1,0.04
CASERIO MESCAL,1,0.04
ALDEA MOCOHAN II,1,0.04
CASERIO CACAJA,1,0.04
CASERIO SAN JOSE PANCAJOC,1,0.04
FINCA ATENAS,1,0.04
FINCA MONTEVERDE,1,0.04
CASERIO MONTE VERDE,1,0.04
CASERIO PANALBARDA,1,0.04
CENTRO DE CAPACITACION FINCA NUEVE AGUAS ALDEA SANTA RITA PANZAL,1,0.04
ALDEA PANZAL,1,0.04
ALDEA PEÑA DEL ANGEL PURULHA B.V.,1,0.04
CASERIO ESQUIPULAS,1,0.04
COMUNIDAD LA HELVETIA,1,0.04
CASERIO LA CUMBRE CIVIJA,1,0.04
CASERIO NUEVA ESPERANZA ALDEA MONTE BLANCO II,1,0.04
COMUNIDAD WASHINTON,1,0.04
COMUNIDAD DE PAMPA,1,0.04
COMUNIDAD PAMPA,1,0.04
COMUNIDAD SAN JOSE PANCAJOC,1,0.04
CASERIO TIERRA BLANCA JALAUTE HACIENDA II,1,0.04
COMUNIDAD VELLA VISTA SACHUT,1,0.04
COMUNIDAD HELVETIA,1,0.04
COMUNIDAD TIXILA,1,0.04
CASERIO SAN ANTONIO LA PINADA,1,0.04
COMUNIDAD LA CUCHILLA JALANTE,1,0.04
CASERIO CUMBRE EL CARPINTERO,1,0.04
CASERIO MOJON PANIMA,1,0.04
CASERIO LAS FLORES CONCEPCION,1,0.04
CASERIO PARAISO PAMPA,1,0.04
CASERIO BELLA VISTA SA CHUT,1,0.04
CASERIO RINCON EL QUETZAL,1,0.04
CASERIO LA NUEVA ESPERANZA MONTE BLANCO II,1,0.04
CASERIO CORTES LA CUCHILLA,1,0.04
CASERIO MOCOHÁN SECTOR II,1,0.04
CASAERIO CALIJHA,1,0.04
COMUNIDAD MOXANTE CRUZ DE PIEDRA,1,0.04
CASERIO LA NUEVA ESPERANZA,1,0.04
CASERIO NUEVO SAN RAFAEL,1,0.04
CASERIO BELLA VISTA SA'CHUT,1,0.04
ALDEA EL ESFUERZO CHEJEL,1,0.04
CASERIO EL MEZCAL I,1,0.04
CASERIO CALIJHA,1,0.04
