ESTABLECIMIENTO,Frecuencia,Porcentaje
EORM,683,24.25
EODP ANEXA A EORM,246,8.74
EDAC -PRONADE-,135,4.79
EODP,134,4.76
INEB DE TELESECUNDARIA,126,4.47
EDAC - PRONADE -,107,3.8
EDAC -PRONADE- ANEXA,82,2.91
COPB ANEXO A EORM,72,2.56
INED  INSTITUTO NACIONAL DE EDUCACIÓN DIVERSIFICADA,50,1.78
INSTITUTO NACIONAL DE EDUCACION DIVERSIFICADA,47,1.67
EDAC PRONADE ANEXA,43,1.53
COPB ANEXA A EORM,32,1.14
INSTITUTO NACIONAL DE EDUCACIÓN DIVERSIFICADA,28,0.99
INEB,25,0.89
EDAC PRONADE,25,0.89
EOUM,19,0.67
CENTRO DE EDUCACIÓN EXTRAESCOLAR -CEEX-,17,0.6
EODP ANEXA EORM,16,0.57
COPB,15,0.53
CEIN -PAIN-,15,0.53
COLEGIO PARTICULAR MIXTO NUEVO AMANECER,14,0.5
LICEO INTEGRAL PURULENSE VICTORIA,11,0.39
COLEGIO PARTICULAR MIXTO CIENCIA Y DESARROLLO,10,0.36
IEBC DE ENSEÑANZA,10,0.36
COLEGIO PARTICULAR BAUTISTA MIXTO,10,0.36
COLEGIO CRISTIANO PARTICULAR MIXTO VIDA,9,0.32
EODP ANEXA A EOUM,9,0.32
COLEGIO PARTICULAR MIXTO DE INFANTES EMANUEL,9,0.32
INEB INSTITUTO NACIONAL DE EDUCACIÓN BÁSICA,9,0.32
COLEGIO PARTICULAR MIXTO BLAISE PASCAL,8,0.28
COLEGIO PARTICULAR MIXTO TEZULUTLAN,8,0.28
CEIN PAIN,8,0.28
CENTRO EDUCATIVO TECNOLÓGICO EL NAZARENO,8,0.28
INSTITUTO MIXTO PARTICULAR VERAPAZ,8,0.28
INSTITUTO MIXTO DE EDUCACION BILINGUE INTERCULTURAL -IMEBI-,7,0.25
COLEGIO MIXTO CIENCIAS TECNOLÓGICAS,7,0.25
COPB ANEXO EORM,7,0.25
EDAC - PRONADE - ANEXA,7,0.25
COLEGIO PARTICULAR MIXTO SANTO DOMINGO,7,0.25
INSTITUTO AKALTIC,6,0.21
CENTRO EDUCATIVO INFANTIL MONTESSORIANO,6,0.21
CENTRO EDUCATIVO NUEVA ESPERANZA,6,0.21
COLEGIO INTERCULTURAL TUNCAJ,6,0.21
LICEO AMANECER EN VICTORIA,6,0.21
COLEGIO PRIVADO MIXTO TECNOLOGICO EN INFORMATICA,5,0.18
LICEO DE CIENCIAS APLICADAS DR. CARLOS ALDANA MENDOZA,5,0.18
COLEGIO DE FORMACIÓN TÉCNICO-PROFESIONAL NEXUS,5,0.18
LICEO INTERCULTURAL VERAPACENSE,5,0.18
COLEGIO PRIVADO MIXTO LA ENSEÑANZA,5,0.18
COLEGIO PRIVADO MIXTO JUAN AMOS COMENIO,5,0.18
CENTRO DE EDUCACIÓN EXTRAESCOLAR,5,0.18
CENTRO EDUCATIVO VERAPAZ DEL SUR,5,0.18
CENTRO ESTUDIANTIL MIGUEL ÁNGEL ASTURIAS,5,0.18
CENTRO DE EDUCACIÓN EXTRAESCOLAR CEEX,5,0.18
COLEGIO INTEGRAL NUEVA GENERACIÓN,5,0.18
COLEGIO PARTICULAR MIXTO PURULHÁ PROFESORA MARÍA ZOE LÓPEZ,5,0.18
COLEGIO PARTICULAR MIXTO IMPERIAL,4,0.14
INSTITUTO PRIVADO RAUL CHENAL HEINEMANN,4,0.14
LICEO MIGUEL ANGEL ASTURIAS,4,0.14
LICEO MIXTO EN COMPUTACION DEL NORTE,4,0.14
COLEGIO DE INFORMATICA CENINFAV,4,0.14
LICEO PREUNIVERSITARIO DEL NORTE,4,0.14
INSTITUTO GUATEMALTECO DE EDUCACION RADIOFONICA (IGER),4,0.14
LICEO SAN CRISTOBAL,4,0.14
LICEO GALILEO GALILEI,4,0.14
COLEGIO MIXTO PRIVADO NUEVA GENERACIÓN DEL NORTE,4,0.14
LICEO GUATEMALTECO VERAPACENSE,4,0.14
INSTITUTO MIXTO PRIVADO LATINO,4,0.14
COLEGIO PRIVADO MIXTO SANTA CATALINA,4,0.14
EODP ANEXO A EORM,4,0.14
INEB TELESECUNDARIA,4,0.14
CEIN -PAIN,4,0.14
COLEGIO PRIVADO MIXTO NAZARENO,4,0.14
COLEGIO MIXTO PRIVADO SAN JOSE DE BETANCUR,4,0.14
COPB ANEXO A LA ESCUELA OFICIAL RURAL MIXTA,4,0.14
INSTITUTO NACIONAL DE EDUCACION BASICA DE TELESECUNDARIA,4,0.14
CENTRO CULTURAL DE AMERICA,4,0.14
COLEGIO PARTICULAR MIXTO VIDA NUEVA,4,0.14
COLEGIO MIXTO ZAMANEB,4,0.14
INSTITUTO NACIONAL DE EDUCACIÓN BÁSICA DE TELESECUNDARIA,4,0.14
CENTRO EDUCATIVO DIEGO PRIMERO ALONZO CEDPA,4,0.14
COLEGIO PARTICULAR MIXTO SAN JERONIMO,4,0.14
LICEO AMERICANO DEL NORTE,3,0.11
INSTITUTO MIXTO PRIVADO SALUD Y DESARROLLO,3,0.11
COLEGIO LA LIBERTAD,3,0.11
"ISEA ""LA ESCUELA EN SU CASA""",3,0.11
"LICEO MIXTO PARTICULAR ""SAN BENITO""",3,0.11
LICEO PREUNIVERSITARIO,3,0.11
COLEGIO MIXTO LA PUPILA DEL CIELO,3,0.11
COLEGIO NUESTRA SEÑORA DE LA ASUNCIÓN,3,0.11
INSTITUTO DE EDUCACIÓN DIVERSIFICADA POR COOPERATIVA DE ENSEÑANZA,3,0.11
COLEGIO MIXTO MESOAMERICANO,3,0.11
COLEGIO PRIVADO LICEO POLOCHIC,3,0.11
COLEGIO PRIVADO MIXTO SAGRADO CORAZÓN DEL POLOCHIC,3,0.11
COLEGIO PARTICULAR MIXTO DEL VALLE,3,0.11
"COLEGIO ""STHELLA DE HERNANDEZ""",3,0.11
COLEGIO SAGRADA FAMILIA,3,0.11
COLEGIO PARTICULAR MIXTO KAIROS,3,0.11
CENTRO DE ESTUDIOS PREUNIVERSITARIO CAHABÓN -CEPREC-,3,0.11
LICEO CRISTIANO EBENEZER,3,0.11
LICEO MIXTO SAN MATEO,3,0.11
CENTRO DE EDUCACION EXTRAESCOLAR -PEAC-,3,0.11
LICEO SAN RAFAEL,3,0.11
CEEX-FUNCAFE,3,0.11
IGER,3,0.11
CENTRO EDUCATIVO ESTUDIANTIL CON ORIENTACION EN COMPUTACION,3,0.11
CENTRO EDUCATIVO COMUNITARIO BILINGUE INTERCULTURAL NUEVA ESPERANZA RIO NEGRO,3,0.11
LICEO TECNOLÓGICO FÉNIX,3,0.11
INSTITUTO GUATEMALTECO DE EDUCACION RADIOFONICA,3,0.11
COLEGIO MIXTO  ZAMANEB,3,0.11
"CENTRO EDUCATIVO ""NUEVA ESPERANZA""",3,0.11
EODP ANEXA A LA ESCUELA OFICIAL RURAL MIXTA,3,0.11
EODEE,3,0.11
EDAB,3,0.11
COLEGIO PARTICULAR MIXTO  PURULHÁ PROFESORA MARÍA ZOE LÓPEZ,3,0.11
"COLEGIO ""LA INMACULADA""",2,0.07
ESCUELA NACIONAL DE CIENCIAS COMERCIALES,2,0.07
INSTITUTO NORMAL PRIMARIA BILINGUE INTERCULTURAL ADS. AL INSTITUTO EMILIO ROSALES PONCE,2,0.07
COLEGIO HISPANOAMERICANO,2,0.07
"COLEGIO PARTICULAR MIXTO ""ANTON DE MONTESINOS""",2,0.07
"COLEGIO DE INFORMÁTICA ""CENINFAV""",2,0.07
INSTITUTO MIXTO PRIVADO SANTO DOMINGO,2,0.07
INSTITUTO PRIVADO MIXTO MONJA BLANCA,2,0.07
COLEGIO MIXTO LA EXCELENCIA,2,0.07
LICEO DR. RICARDO BRESSANI,2,0.07
COLEGIO PARTICULAR MIXTO CARLOS V,2,0.07
ESCUELA NORMAL DE EDUCACION FISICA,2,0.07
LICEO SANTA CRUZ,2,0.07
LICEO  GALILEO GALILEI,2,0.07
"CENTRO DE FORMACIÓN ACADÉMICA, TECNOLÓGICA Y OCUPACIONAL ""JACK & MARIE EITING""",2,0.07
COLEGIO MIXTO VALLE DEL POLOCHIC,2,0.07
COLEGIO PRIVADO MIXTO 'SAGRADO CORAZON',2,0.07
"CENTRO DE ESTUDIOS PREUNIVERSITARIO CAHABÓN-SENAHÚ ""CEPREC SENAHÚ""",2,0.07
CENTRO EDUCATIVO NUEVA VIDA,2,0.07
INSTITUTO TECNICO DIVERSIFICADO DE BACHILLERATO EN CONSTRUCCION,2,0.07
CENTRO EDUCATIVO AK NALEB,2,0.07
INSTITUTO PRIVADO MIXTO DE DESARROLLO LOCAL,2,0.07
INSTITUTO TECNICO EN RECURSOS NATURALES,2,0.07
INSTITUTO MIXTO BILINGÜE INTERCULTURAL CHOSAAM,2,0.07
"INSTITUTO MIXTO PRIVADO ""FRANCISCO OSWALDO REYES NARCISO""",2,0.07
"CENTRO DE ESTUDIOS PREUNIVERSITARIO CAHABÓN-LANQUÍN ""CEPREC LANQUÍN""",2,0.07
INSTITUTO MIXTO PRIVADO DE MAGISTERIO BILINGUE,2,0.07
COLEGIO CRISTIANO GALILEA,2,0.07
COLEGIO MIXTO PRIVADO ASDECHI,2,0.07
INSTITUTO DE EDUCACION DIVERSIFICADA POR COOPERATIVA DE ENSEÑANZA,2,0.07
LICEO MONTE SIÓN,2,0.07
"COLEGIO PARTICULAR MIXTO ""EL EXITO""",2,0.07
COLEGIO PARTICULAR MIXTO EL ÉXITO,2,0.07
"COLEGIO PARTICULAR MIXTO TINTECO ""MARÍA TERESA""",2,0.07
COLEGIO MIXTO PRIVADO BILINGUE SAN JUAN,2,0.07
"INSTITUTO MIXTO DE MAGISTERIO BILINGÜE ""SAN ANTONIO DE PADUA""",2,0.07
EOPA,2,0.07
COLEGIO PARTICULAR MIXTO TEZULUTLÁN,2,0.07
CENTRO DE EDUCACIÓN EXTRAESCOLAR CEEX DEPARTAMENTAL,2,0.07
INED  INSTITUTO NACIONAL  EDUCACION DIVERSIFICADA,2,0.07
COLEGIO CRISTIANO NAZARENO,2,0.07
COLEGIO PARTICULAR MIXTO  CIENCIA Y DESARROLLO,2,0.07
COLEGIO CRISTIANO  MONTE ELIM,2,0.07
CENTRO EDUCATIVO MAYA 'AJAAW TUKUR',2,0.07
EPRM,2,0.07
EDAC,2,0.07
CENTRO DE FORMACIÓN Y TECNOLOGÍA S.J. ANTONIO GÓMEZ,2,0.07
CENTRO EDUCATIVO ESTUDIANTIL CON ORIENTACIÓN EN COMPUTACIÓN,2,0.07
"INSTITUTO PRIVADO MIXTO ""SAN LAZARO""",2,0.07
COLEGIO INTEGRAL 'NUEVA GENERACION' (POR MADUREZ),2,0.07
EODP ANEXA  A EORM,2,0.07
"COLEGIO PARTICULAR MIXTO ""NUEVO AMANECER""",2,0.07
INSTITUTO PADRE GERARDO LEMUS,2,0.07
CEIN (PAIN),2,0.07
COLEGIO CRISTIANO  NUEVA VISION,2,0.07
EODP ANEXA A  ESCUELA OFICIAL RURAL MIXTA,2,0.07
CENTRO DE ESTUDIOS MAGISTERIALES CEM,2,0.07
CENTRO DE ESTUDIOS MAGISTERIALES 'CEM',2,0.07
COLEGIO MIXTO LUNA SOL,2,0.07
COLEGIO PARTICULAR MIXTO SAN JERÓNIMO,2,0.07
EOUM NO.1,2,0.07
EOUM NO.2,2,0.07
"""INSTITUTO MIXTO PARTICULAR VERAPAZ""",2,0.07
COLEGIO PARTICULAR MIXTO PURULHA PROFA. MARIA ZOE LOPEZ,2,0.07
COLEGIO CRISTIANO PARTICULAR MIXTO VIDA NUEVA,2,0.07
COPB ANEXO A ESCUELA OFICIAL RURAL MIXTA,2,0.07
EOUM JOSE MARIA BONILLA RUANO,2,0.07
INSTITUTO MIXTO NOCTURNO  FRANCISCO MARROQUIN,1,0.04
COLEGIO  COBAN,1,0.04
COLEGIO PARTICULAR MIXTO  VERAPAZ,1,0.04
INSTITUTO NORMAL MIXTO DEL NORTE 'EMILIO ROSALES PONCE',1,0.04
INSTITUTO DE TURSMO Y AVIACON DEL NORTE I.T.A.N,1,0.04
INSTITUTO INTERCULTRUAL ALTAVERAPACENCESE -IIAV-,1,0.04
"LICEO ""MODERNO LATINO""",1,0.04
"COLEGIO DE INFORMATICA ""CENINFAV""",1,0.04
"COLEGIO EVANGELICO ""LA PATRIA""",1,0.04
"COLEGIO ""LA LIBERTAD""",1,0.04
"INSTITUTO NORMAL PREPRIMARIA BILINGUE ADSCRITO AL INSTITUTO NORMAL MIXTO DEL NORTE ""EMILIO ROSALES PONCE""",1,0.04
CENTRO DE FORMACION INTEGRAL LAS CONCHAS FMG,1,0.04
"INSTITUTO MIXTO PRIVADO ""SALUD Y DESARROLLO""",1,0.04
COLEGIO CRISTIANO BILINGUE VERBO,1,0.04
COLEGIO NUEVOS SENDEROS,1,0.04
INSTITUTO DE MAGISTERIO DE EDUCACION PREPRIMARIA INFANTIL BILINGUE INTERCULTURAL LUZ DEL SABER,1,0.04
CENTRO DE FORMACIÓN INTEGRAL CIUDAD DE LA ESPERANZA,1,0.04
INSTITUTO MAYA COMUNITARIO K'AMOLB'E,1,0.04
COLEGIO PRIVADO MIXTO TECNOLÓGICO EN INFORMÁTICA,1,0.04
ICA,1,0.04
PROGRAMA NACIONAL DE EDUCACIÓN ALTERNATIVA PRONEA,1,0.04
OXFORD BILINGUAL SCHOOL,1,0.04
ENBI CENTRO DE EDUCACIÓN EXTRAESCOLAR -CEEX-,1,0.04
LICEO PREUNIVERSITARIO DE NORTE,1,0.04
CENTRO EDUCATIVO BETANIA,1,0.04
COLEGIO CRISTIANO ELIM,1,0.04
LICEO CHAAB'IL B'E,1,0.04
COLEGIO BILINGÜE BET-LUZ,1,0.04
LICEO GUATEMALTECO 502,1,0.04
CENTRO EDUCATIVO PRIVADO STEPS,1,0.04
INSTITUTO MIXTO PRIVADO  SANTO DOMINGO,1,0.04
INSTITUTO PRIVADO MIXTO SANTO DOMINGO,1,0.04
INSTITUTO DE TURISMO Y AVIACION DEL NORTE ITAN,1,0.04
COOPERACION MESOAMERICANA PARA EL DESARROLLO Y LA PAZ -COMADEP-,1,0.04
COLEGIO  NUESTRA SEÑORA DE LA ESPERANZA,1,0.04
COLEGIO  LA LIBERTAD,1,0.04
INSTITUTO MIXTO  NUEVOS HORIZONTES,1,0.04
INSTITUTO NORMAL PREPRIMARIA BILINGUE ADSCRITO AL INSTITUTO NORMAL MIXTO DEL NORTE 'EMILIO ROSALES PONCE',1,0.04
INSTITUTO PRIVADO MIXTO  MONJA BLANCA,1,0.04
INSTITUTO PRIVADO BASICO Y BACHILLERATO POR MADUREZ 'CARLOS V',1,0.04
INSTITUTO DE BACHILLERATO ADS. AL INSTITUTO NORMAL MIXTO DEL NORTE EMILIO ROSALES PONCE,1,0.04
COLEGIO PRIVADO MIXTO TECNOLÓGICO EN INFORMATICA,1,0.04
COLEGIO PARTICULAR MIXTO  IMPERIAL,1,0.04
LICEO DE COMPUTACION Y EDUCACION PARA EL HOGAR M.B.M.,1,0.04
COLEGIO MIXTO EVANGELICO NAZARENO,1,0.04
ESCUELA DE FORMACION AGRICOLA,1,0.04
COLEGIO BILINGUE DE INFANTES,1,0.04
COLEGIO PARTICULAR MIXTO VERAPAZ,1,0.04
ASOCIACION DE MAESTROS DE EDUCACION RURAL DE GUATEMALA (AMERG),1,0.04
<<FALTANTE>>,1,0.04
COLEGIO FUTURO AMANECER,1,0.04
INSTITUTO TECNOLOGICO VOCACIONAL MARCO TULIO DE LA CRUZ MORALES,1,0.04
INSTITUTO NACIONAL DE EDUCACION DIVERSIFICADA CON ORIENTACION EN ARTES Y OFICIOS,1,0.04
"INSTITUTO TECNOLOGICO VOCACIONAL ""MARCO TULIO DE LA CRUZ MORALES""",1,0.04
"INSTITUTO TECNOLÓGICO VOCACIONAL ""MARCO TULIO DE LA CRUZ MORALES""",1,0.04
ESCUELA PRIVADA MIXTA NOCTURNA DE COMERCIO,1,0.04
COLEGIO MIXTO CIENCIAS TECNOLOGICAS,1,0.04
INSTITUTO TECNOLÓGICO VOCACIONAL MARCO TULIO DE LA CRUZ MORALES,1,0.04
LICEO SAN CRISTÓBAL,1,0.04
"COLEGIO DE FORMACIÓN TÉCNICO PROFESIONAL ""NEXUS""",1,0.04
COLEGIO 'MESON',1,0.04
COLEGIO CRISTIANO PARTICULAR MIXTO AGUA DE VIDA,1,0.04
COLEGIO NUESTRA SEÑORA DE LA ASUNCION,1,0.04
INSTITUTO PRIVADO MIXTO DE EDUCACION DIVERSIFICADA  LICEO TACTIC  JV,1,0.04
INSTITUTO  AKALTIC,1,0.04
COLEGIO PRIVADO MIXTO  LA ENSEÑANZA,1,0.04
INSTITUTO MIXTO MUNICIPAL DE MAGISTERIO BILINGUE,1,0.04
"CENTRO DE FORMACION ACADEMICA, TECNOLOGICA Y OCUPACIONAL ""JACK & MARIE EITING""",1,0.04
"CENTRO DE FORMACION ACADÉMICA, TECNOLÓGICA Y OCUPACIONAL JACK & MARIE EITING",1,0.04
INSTITUTO PRIVADO MIXTO DE MAGISTERIO BILINGUE TUKUR,1,0.04
INSTITUTO PARTICULAR DE EDUCACION A DISTANCIA KAB LAJU B E,1,0.04
COLEGIO  MIXTO VALLE DEL POLOCHIC,1,0.04
LICEO TECNOLÓGICO CAHABONCITO -LITEC-,1,0.04
CENTRO EDUCATIVO SAN MARTIN DE PORRES,1,0.04
INSTITUTO PRIVADO MIXTO PRIMARIA BILINGUE AJ KUTUNEL,1,0.04
CENTRO EDUCATIVO SAN MATEO,1,0.04
"CENTRO DE ESTUDIOS PREUNIVERSITARIO ""CEPREC-LANQUIN""",1,0.04
INSTITUTO PRIVADO MIXTO DE MAGISTERIO BILINGUE NAUQ,1,0.04
INSTITUTO PRIVADO MIXTO DE FORMACION MAGISTERIAL CON ORIENTACION BILINGUE,1,0.04
INSTITUTO ADOLFO V. HALL DEL NORTE,1,0.04
"LICEO ""SAN PABLO""",1,0.04
COLEGIO STHELLA DE HERNANDEZ,1,0.04
COLEGIO PARTICULAR MIXTO SAN JOSÉ,1,0.04
COLEGIO STHELLA DE HERNÁNDEZ,1,0.04
INSTITUTO DE EDUCACIÓN BÁSICA BILINGUE INTERCULTURAL LA TRINIDAD,1,0.04
"INSTITUTO DE EDUCACIÓN BÁSICA BILINGUE INTERCULTURAL ""LA TRINIDAD""",1,0.04
LICEO DE SUPERACIÓN A DISTANCIA VERAPACENSE,1,0.04
COLEGIO SALESIANO DON BOSCO,1,0.04
"INSTITUTO DE EDUCACION BASICA BILINGÜE INTERCULTURAL ""LA TRINIDAD""",1,0.04
CENTRO EDUCATIVO PARTICULAR DON BOSCO,1,0.04
CENTRO EDUCATIVO DON BOSCO TZACANIJA,1,0.04
CENTRO EDUCATIVO PRIVADO  TALITA KUMI,1,0.04
INSTITUTO TECNICO EXPERIMENTAL DE RECURSOS NATURALES,1,0.04
COLEGIO PARTICULAR MIXTO ISAIAS BARRIENTOS,1,0.04
"COLEGIO PARTICULAR MIXTO ""ISAIAS BARRIENTOS""",1,0.04
"LICEO COEDUCATIVO PRIVADO ""JAVIER DE LA VERAPAZ""",1,0.04
COLEGIO SAN FRANCISCO JAVIER DE LA VERAPAZ,1,0.04
LICEO DE BACHILLERATO EN COMPUTACION Y EDUCACION PARA EL HOGAR 'MBM' JM,1,0.04
LICEO PRE-UNIVERSITARIO DEL NORTE,1,0.04
CENTRO EDUCATIVO MENONITA Q EQCHI  BEZALEEL,1,0.04
INSTITUTO MIXTO DE EDUCACIÒN BILINGÜE INTERCULTURAL IMEBI,1,0.04
CENTRO DE ESTUDIOS PREUNIVERSITARIOS CAHABON -CEPREC-,1,0.04
LICEO LEONARDO DA VINCI L L D,1,0.04
INSTITUTO AGROECOLÓGICO DE EDUCACIÓN BILINGUE FRAY DOMINGO DE VICO,1,0.04
FUNDACIÓN FRAY DOMINGO DE VICO,1,0.04
CENTRO DE ESTUDIOS PREUNIVERSITARIO CAHABON -CEPREC-,1,0.04
LICEO  SANTA MARIA,1,0.04
INSTITUTO MIXTO MUNICIPAL DE MAGISTERIO BILINGUE SEPOC,1,0.04
INSTITUTO PARTICULAR RICARDO ARJONA,1,0.04
"LICEO MIXTO PRIVADO ""SENDEROS PARA LA VIDA""",1,0.04
INSTITUTO MIXTO DE EDUCACIÓN FORTALEZA DEL FUTURO -INMEFF-,1,0.04
"COLEGIO MIXTO PRIVADO ""ASDECHI""",1,0.04
LICEO MIXTO EN COMPUTACIÓN DEL NORTE,1,0.04
"INSTITUTO MIXTO DE EDUCACIÓN ""FORTALEZA DEL FUTURO"" -INMEFF-",1,0.04
COLEGIO MIXTO PRIVADO BILINGUE 'SAN JUAN',1,0.04
INSTITUTO MIXTO DE MAGISTERIO BILINGUE  SAN ANTONIO DE PADUA,1,0.04
ESCUELA NORMAL BILINGUE INTERCULTURAL,1,0.04
COLEGIO DE MAGISTERIO BILINGUE NUEVO CHISEC,1,0.04
"INSTITUTO DE EDUCACIÓN DIVERSIFICADA POR COOPERATIVA DE ENSEÑANZA  ""SANTO DOMINGO""",1,0.04
COLEGIO TECNOLOGICO LICENCIADO HUMBERTO RIVERA GARCIA,1,0.04
INSTITUTO TECNICO VOCACIONAL  SAN AGUSTIN,1,0.04
CENTRO DE PROMOCION FEMENINA RATZ´UM KICHE´,1,0.04
"""INSTITUTO MIXTO INTERCULTURAL FRAYBARTOLOMENCE IMIF""",1,0.04
COLEGIO PARTICULAR MIXTO FRAY BARTOLOME DE LAS CASAS,1,0.04
"LICEO TECNOLOGICO ""JOSE DE JESUS""",1,0.04
COLEGIO PARTICULAR MIXTO EL EXITO,1,0.04
INSTITUTO MIXTO DE EDUCACIÒN BILINGUE INTERCULTURAL,1,0.04
CENTRO DE PROMOCIÓN FEMENINA RATZ'UM K´ICHE´,1,0.04
COLEGIO CRISTIANO ISRAEL,1,0.04
INSTITUTO MIXTO PRIVADO DE MAGISTERIO BILINGÜE,1,0.04
COLEGIO PARTICULAR MIXTO FRAY BARTOLOMÉ DE LAS CASAS,1,0.04
INED  INSTITUTO NACIONAL  DE EDUCACIÓN DIVERSIFICADA,1,0.04
COLEGIO PARTICULAR MIXTO EL ÉXITO 2,1,0.04
LICEO CRISTIANO MONTE SIÓN,1,0.04
LICEO TECNOLOGICO  JOSE DE JESUS,1,0.04
COLEGIO PARTICULAR MIXTO TINTECO MARÍA TERESA,1,0.04
COLEGIO PARTICULAR MIXTO TINTECO MARIA TERESA,1,0.04
INSTITUTO MIXTO PRIVADO 'EL PORVENIR',1,0.04
"INSTITUTO MIXTO DE MAGISTERIO BILINGUE ""SAN ANTONIO DE PADUA""",1,0.04
LICEO SAN JOSE LA PRIMAVERA,1,0.04
COLEGIO SAN ANTONIO DE PADUA,1,0.04
INSTITUTO MIXTO DE EDUCACIÓN BILINGÜE INTERCULTURAL -IMEBI-,1,0.04
EODP DEL CENTRO DE BIENESTAR SOCIAL,1,0.04
EODP NO. 4,1,0.04
EODP NO. 3,1,0.04
EODP NO. 1,1,0.04
COLEGIO  PARTICULAR MIXTO TEZULUTLAN,1,0.04
ANEXA A LICEO MIXTO SAN MATEO,1,0.04
EOUN TIPO FEDERACION 'JOSE CLEMENTE CHAVARRIA',1,0.04
EOTF JOSE CLEMENTE CHAVARRIA,1,0.04
INSTITUTO NACIONAL DE EDUCACION BASICA CON ORIENTACION OCUPACIONAL,1,0.04
IEBC 'LAS PIEDRECITAS',1,0.04
INEB ADS. A ESCUELA NORMAL RURAL NO. 4 DR. ELIZARDO URIZAR LEAL,1,0.04
ESCUELA NORMAL RURAL NO.4 DR. ELIZARDO URIZAR LEAL,1,0.04
LICEO MIXTO 'SAN MATEO',1,0.04
CENTRO ESTUDIALTIL MIGUEL ÁNGEL ASTURIAS,1,0.04
CENTRO DE ATENCION INTEGRAL PAIN,1,0.04
EODP ANEXA A ESCUELA DE EDUCACION ESPECIAL Y CENTRO DE REHABILITACION INTEGRAL,1,0.04
COLEGIO CRISTIANO MONTE ELIM,1,0.04
INSTITUTO TECNICO EXPERIMENTAL DE FORMACIÓN INDUSTRIAL POR COOPERATIVA,1,0.04
COORDINACIÓN DEPARTAMENTAL DE TELESECUNDARIA DE BAJA VERAPAZ,1,0.04
PROGRAMA NACIONAL DE EDUCACIÓN ALTERNATIVA -PRONEA-,1,0.04
INSTITUTO TÉCNICO EXPERIMENTAL DE FORMACIÓN INDUSTRIAL POR COOPERATIVA ITEFIC,1,0.04
INEB INSTITUTO NACIONAL DE EDUCACION BASICA,1,0.04
EORM FRAY BARTOLOME DE LAS CASAS,1,0.04
EOUM 'MINERVA',1,0.04
IEBC DE ENSEÑANZA  LOS ANGELES,1,0.04
EUMP NO. 1,1,0.04
EODP JOSE CLEMENTE CHAVARRIA,1,0.04
EODP ANEXA A  EOUM JOSE CLEMENTE CHAVARRIA,1,0.04
EODP ANEXA A EORM LOS ANGELES,1,0.04
EORM CEE Y CENTRO R.,1,0.04
INSTITUTO NACIONAL DE ADMINISTRACION DE EMPRESAS,1,0.04
CPPB ANEXA A EORM,1,0.04
EODP ANEXA A EORM  FRAY BARTOLOME DE LAS CASAS,1,0.04
ESCUELA DE EDUCACION Y CENTRO DE REHABILITACION INTEGRAL,1,0.04
EODP NO.2 ANEXA A CENTRO DE BIENESTAR SOCIAL,1,0.04
INSTITUTO TECNICO EXPERIMENTAL DE FORMACION INDUSTRIAL POR COOPERATIVA -ITEFIC-,1,0.04
COLEGIO MIXTO NOCTURNO EL ESFUERZO,1,0.04
CEES,1,0.04
CENTRO EDUCATIVO MAYA BILINGUE INTERCULTURAL KAB LAJUJ IQ,1,0.04
CENTRO EDUCATIVO MAYA BILINGUE INTERCULTURAL 'KAB`LAJUUJ IQ,1,0.04
INSTITUTO PARTICULAR MIXTO  CIENCIA Y DESARROLLO  (POR MADUREZ),1,0.04
EOUM 'TIPO FEDERACION',1,0.04
CEES ANEXO A EOUM,1,0.04
INSTITUTO NORMAL DE PRIMARIA BILINGUE INTERCULTURAL ADS. A ESCUELA NORMAL RURAL NO.4 DR. ELIZARDO URIZAR LEAL,1,0.04
PROGRAMA DE HOGARES COMUNITARIOS (SOSEP),1,0.04
INSTITUTO PRIVADO DE EDUCACION DIVERSIFICADA CIENCIA Y DESARROLLO,1,0.04
INSTITUTO PRIVADO MIXTO DE EDUCACION DIVERSIFICADA CIENCIA Y DESARROLLO,1,0.04
COLEGIO PARTICULAR MIXTO EL ESFUERZO,1,0.04
COLEGIO PARTICULAR MIXTO DE INFANTES EMANUEL (POR MADUREZ),1,0.04
INSTITUTO DE EDUCACION DIVERSIFICADA POR COOPERATIVA,1,0.04
CENTRO INFANTIL#04677 (SOSEP),1,0.04
COLEGIO PARTICULAR MIXTO  TEZULUTLAN,1,0.04
INSTITUTO PARTICULAR MIXTO CIENCIA Y DESARROLLO,1,0.04
NUCLEO FAMILIAR EDUCATIVO PARA EL DESARROLLO NUFED NO.238,1,0.04
COLEGIO PARTICULAR MIXTO DE INFANTES 'EMANUEL',1,0.04
CEIN ANEXA A EORM,1,0.04
COPB ANEXO A EOUM,1,0.04
COPB ANEXA A LA EORM,1,0.04
COPB ANEXA EORM,1,0.04
COLEGIO MIXTO PRIVADO 'SAN JOSE DE BETANCUR',1,0.04
COLEGIO MIXTO PRIVADO 'SAN JOSE DE BETANCUR' (POR MADUREZ),1,0.04
NUCLEO FAMILIAR EDUCATIVO PARA EL DESARROLLO NUFED NO.217,1,0.04
CEES ANEXA A EOUM REGIONAL,1,0.04
INEB ADSCRITO A ENBI OXLAJUJ NO´OJ,1,0.04
CENTRO DE EDUCACION INTEGRAL -PAIN-,1,0.04
EODP ANEXA A EOUN,1,0.04
EODP ANEXA A EOUV,1,0.04
ENBI OXLAJUJ NO´OJ,1,0.04
"CENTRO DE ESTUDIOS MAGISTERIALES ""CEM""",1,0.04
CENTRO ESTUDIANTIL CON ORIENTACIÓN EN COMPUTACIÓN,1,0.04
EODP NO 1,1,0.04
EODP MUNDO MAGICO,1,0.04
EPDP ANEXA A 'LICEO RABINAL ACHI',1,0.04
EPPA PARROQUIAL 'SAN PABLO',1,0.04
EOUN,1,0.04
EOUV,1,0.04
LICEO MIXTO 'RABINAL ACHI',1,0.04
EOUM REGIONAL,1,0.04
EORM FRATERNO VILA BETORET,1,0.04
EORM BELICE,1,0.04
LICEO MIXTO NOCTURNO DE EDUCACION BASICA 'RABINAL ACHI',1,0.04
INEB CON ORIENTACION OCUPACIONAL,1,0.04
IPMB COLEGIO 'ZAMANEB',1,0.04
LICEO PRIVADO MIXTO DE CIENCIAS COMERCIALES 'RABINAL ACHI',1,0.04
CENTRO EDUCATIVO FE Y ALEGRÍA NO. 58,1,0.04
COLEGIO MIXTO 'NAZARENO',1,0.04
COLEGIO MIXTO NAZARENO,1,0.04
CEIN ANEXO A EORM,1,0.04
CPPB ANEXO A ESCUELA BILINGUE JUN TOJ,1,0.04
ESCUELA BILINGUE JUN TOJ,1,0.04
CENTRO EDUCATIVO MAYA RABINALEB,1,0.04
CENTRO EDUCATIVO MAYA RAB'INALEB',1,0.04
EODP ANEXA A EOUM REGIONAL,1,0.04
EMRM LA LADRILLERA,1,0.04
EMRM LA LADRILLERA ANEXA A EORM,1,0.04
CEES AMIGOS ANEXO A EOUM REGIONAL,1,0.04
COPB ANEXO A EORM BELICE,1,0.04
COLEGIO MIXTO PRIVADO  MARIA ESMERALDA,1,0.04
CENTRO EDUCATIVO  MEDALLA MILAGROSA,1,0.04
INSTITUTO PRIVADO MIXTO   SAN LAZARO,1,0.04
EOUM PEM. RICARDO JUAREZ ARELLANO,1,0.04
COLEGIO PRIVADO MIXTO 'CENTRO CULTURAL DE AMERICA',1,0.04
COLEGIO PARTICULAR MIXTO 'VIDA NUEVA' (POR MADUREZ),1,0.04
ESCUELA NORMAL BILINGÜE INTERCULTURAL OXLAJUJ NO´OJ,1,0.04
COLEGIO PARTICULAR MIXTO  VIDA NUEVA,1,0.04
CENTRO EDUCATIVO EDUCACION PARA EL FUTURO ASECSA BAJA VERAPAZ,1,0.04
'ESCUELA BILINGUE JUN TOJ',1,0.04
COLEGIO INTEGRAL 'NUEVA GENERACION',1,0.04
"EODP COLONIA CHICUXTÍN, ALDEA CHICUXTÍN",1,0.04
EORM CASERÍO LACANDON DE LA ALDEA PATZOCON,1,0.04
"EORM CASERIO PACHIJUL, ALDEA LOS PAJALES",1,0.04
EOUM 'JUAN DE DIOS DIAZ DUBON',1,0.04
EORM 'FRANCISCO LAINFIESTA',1,0.04
EORM TECUN UMAN,1,0.04
CENTRO EDUCATIVO OFICIAL NUEVO DIA,1,0.04
COPB EORM,1,0.04
EOUN JUAN DE DIOS DIAZ DUBON,1,0.04
EOUV 'JUAN DE DIOS DIAZ DUBON',1,0.04
EDAC -PRONADE-ANEXA,1,0.04
CENTRO EDUCATIVO COMUNITARIO PADRE JUAN VALLS CRESPO,1,0.04
COLEGIO CRISTIANO RAYITOS DE ESPERANZA,1,0.04
INSTITUTO PARTICULAR MIXTO CIENCIA Y DESARROLLO (POR MADUREZ),1,0.04
COLEGIO CRISTIANO 'RAYITOS DE ESPERANZA',1,0.04
COLEGIO CRISTIANO NUEVA VISION,1,0.04
NUCLEO FAMILIAR PARA EL DESARROLLO EDUCATIVO NUFED NO.289,1,0.04
COLEGIO PARTICULAR MIXTO  NUEVO AMANECER,1,0.04
NUCLEO FAMILIAR EDUCATIVO PARA EL DESARROLLO NUFED N.64,1,0.04
COLEGIO PARTICULAR MIXTO VALLE DEL URRAM,1,0.04
EODP REINO DE NORUEGA,1,0.04
EOUM 'EUFEMIA CORDOVA',1,0.04
EODP ANEXA EOUM'EUFEMIA CORDOVA',1,0.04
COLEGIO PARTICULAR MIXTO  VALLE DEL URRAM,1,0.04
EOUM EUFEMIA CORDOVA,1,0.04
NUCLEO FAMILIAR EDUCATIVO PARA EL DESARROLLO NUFED 65,1,0.04
EORM CASERÍO LOS MANGALES,1,0.04
CENTRO DE EDUCACIÓN INTEGRAL CEIN-PAIN,1,0.04
INSTITUTO TÉCNICO DE CAPACITACIÓN Y PRODUCTIVIDAD INTECAP,1,0.04
EORM 'CIUDAD SAN PEDRO CARCHA',1,0.04
EPDP ANEXA A COLEGIO 'EL VALLE VERAPAZ',1,0.04
COLEGIO PARTICULAR 'EL VALLE VERAPAZ',1,0.04
CEIN,1,0.04
COLEGIO PRIVADO MIXTO 'EL VALLE VERAPAZ',1,0.04
INSTITUTO DE EDUCACIÓN BÁSICA POR COOPERATIVA,1,0.04
CEIN - PAIN,1,0.04
COPB ANEXO A ESCUELA OFICIAL RURAL MIXTA CIUDAD SAN PEDRO CARCHÁ,1,0.04
EODP ANEXA EOUM NO. 2,1,0.04
COLEGIO CRISTIANO 'NUEVA JERUSALEM',1,0.04
COLEGIO CRISTIANO 'NUEVA JERUSALEN',1,0.04
JARDIN INFANTIL S.O.S 'HERMANN GMEINER',1,0.04
NUCLEO FAMILIAR EDUCATIVO PARA EL DESARROLLO NUFED N. 280,1,0.04
EODP ANEXA A EOUM NO. 1,1,0.04
INSTITUTO MIXTO DE EDUCACIÓN BILINGÜE INTERCULTURAL IMEBI,1,0.04
EORM COMUNIDAD INDÍGENA VALLE VERDE,1,0.04
COPB ANEXO A EORM COMUNIDAD INDÍGENA VALLE VERDE,1,0.04
COPB ANEXO A LA ESCUELA RURAL MIXTA,1,0.04
EODP ANEXA A EOUM  JOSE MARIA BONILLA RUANO,1,0.04
COPB ANEXO A ESCUELA RURAL MIXTA,1,0.04
EODP ANEXA A ESCUELA OFICIAL RURAL MIXTA,1,0.04
EDAC -PRONADE ANEXA,1,0.04
NUCLEO FAMILIAR EDUCATIVO PARA EL DESARROLLO NUFED N. 63,1,0.04
"COLEGIO CRISTIANO PARTICULAR MIXTO ""VIDA""",1,0.04
NUCLEO FAMILIAR EDUCATIVO PARA EL DESARROLLO NUFED N. 271,1,0.04
NUCLEO FAMILIAR EDUCATIVO PARA EL DESARROLLO NUFED NO.529,1,0.04
CEES EL NOMBRE,1,0.04
